INSERT INTO AIRPORT (`CITY`, `COUNTRY`, `COUNTRYCODE`, `NAME`) VALUES ('London','England','UK','LHR'),('Paris','Frankrig','FR','CDG'),('Amsterdam','Holland','NL','AMS'),('Frankfurt','Tyskland','DE','FRA'),('Istanbul','Tyrkiet','TR','IST'),('Madrid','Spanien','ES','MAD'),('Barcelona','Spanien','ES','BCN'),('London','England','UK','LGW'),('München','Tyskland','DE','MUC'),('Rom','Italien','IT','FCO'),('Moskva','Rusland','RU','SVO'),('Paris','Frankrig','FR','ORY'),('Moskva','Rusland','RU','DME'),('Dublin','Irland','IE','DUB'),('Zürich','Schweiz','CH','ZRH'),('København','Danmark','DK','CPH'),('PalmadeMallorca','Spanien','SP','PMI'),('Manchester','England','UK','MAN'),('Oslo','Norge','NO','OSL'),('Lissabon','Portugal','PT','LIS'),('Stockholm','Sverige','SW','ARN'),('London','England','UK','STN'),('Bruxelles','Belgien','BE','BRU'),('Düsseldorf','Tyskland','DE','DUS'),('Wien','Østrig','AT','VIE'),('Milano','Italien','IT','MXP'),('Athen','Grækenland','GR','ATH'),('Berlin','Tyskland','DE','TXL'),('Helsinki','Finland','FI','HEL'),('Málaga','Spanien','ES','AGP');
INSERT INTO USERS (`EMAIL`, `GENDER`, `USER_NAME`, `USER_PASS`) VALUES ('admin@mail.dk','Attack helicopter','Sara','$2a$10$RyHqChIuHrTmnIwm9ZtrL.edk7uk1Ms2bZsWOh3RfQXawQZW6rvLm'),('user1@mail.dk','unicorn','Benjamin','$2a$10$RyHqChIuHrTmnIwm9ZtrL.edk7uk1Ms2bZsWOh3RfQXawQZW6rvLm'),('user2@mail.dk','Male','Magne','$2a$10$RyHqChIuHrTmnIwm9ZtrL.edk7uk1Ms2bZsWOh3RfQXawQZW6rvLm'),('user3@mail.dk','cis male','Carl','$2a$10$RyHqChIuHrTmnIwm9ZtrL.edk7uk1Ms2bZsWOh3RfQXawQZW6rvLm'),('user4@mail.dk','cis male','Theodor','$2a$10$RyHqChIuHrTmnIwm9ZtrL.edk7uk1Ms2bZsWOh3RfQXawQZW6rvLm'),('user5@mail.dk','cis female','Adam','$2a$10$RyHqChIuHrTmnIwm9ZtrL.edk7uk1Ms2bZsWOh3RfQXawQZW6rvLm'),('user6@mail.dk','cis male','Mikkel','$2a$10$RyHqChIuHrTmnIwm9ZtrL.edk7uk1Ms2bZsWOh3RfQXawQZW6rvLm'),('user7@mail.dk','Male','Emily','$2a$10$RyHqChIuHrTmnIwm9ZtrL.edk7uk1Ms2bZsWOh3RfQXawQZW6rvLm'),('user8@mail.dk','Attack helicopter','Theo','$2a$10$RyHqChIuHrTmnIwm9ZtrL.edk7uk1Ms2bZsWOh3RfQXawQZW6rvLm'),('user9@mail.dk','cis male','Louise','$2a$10$RyHqChIuHrTmnIwm9ZtrL.edk7uk1Ms2bZsWOh3RfQXawQZW6rvLm'),('user10@mail.dk','cis male','Alfred','$2a$10$RyHqChIuHrTmnIwm9ZtrL.edk7uk1Ms2bZsWOh3RfQXawQZW6rvLm');
INSERT INTO ROLES (`ROLE_NAME`) VALUES ('user'),('admin');
INSERT INTO USER_ROLES (`ROLE_NAME`, `EMAIL`) VALUES ('admin','admin@mail.dk'),('user','admin@mail.dk'),('user','user1@mail.dk'),('user','user2@mail.dk'),('user','user3@mail.dk'),('user','user4@mail.dk'),('user','user5@mail.dk'),('user','user6@mail.dk'),('user','user7@mail.dk'),('user','user8@mail.dk'),('user','user9@mail.dk'),('user','user10@mail.dk');
INSERT INTO FLIGHT (`AIRLINE`, `DEPTIME`, `ARRTIME`, `DURATION`, `PRICE`, `CANCELINSURANCE`, `AIRPLANE`, `MODEL`, `CAPACITY`, `DEPARTURE_ID`, `DESTINATION_ID`) VALUES ('Finnair','2019-08-12T07:26','2019-08-12T16:38',552,4525,300,'FA244','Boeing 747',406,7,24),('Frontier Airlines','2019-05-09T06:38','2019-05-10T11:44',1746,3881,500,'F9454','A310',387,8,28),('SAS','2019-02-22T00:08','2019-02-23T05:40',1772,3768,1000,'SA843','A320',245,10,23),('American Airlines','2019-11-05T06:13','2019-11-06T21:19',2346,7389,200,'AA763','A300',168,21,28),('JetBlue Airways','2019-05-28T10:33','2019-05-28T20:38',605,797,300,'B6244','A380',124,9,29),('British Airways','2019-05-26T11:05','2019-05-26T19:36',511,9211,1000,'BA398','A319',174,18,4),('JetBlue Airways','2019-02-24T01:25','2019-02-24T19:26',1081,4760,500,'B6696','A380',545,27,13),('Lufthansa','2019-06-15T14:14','2019-06-16T18:44',1710,2558,200,'LH807','A318',114,8,3),('Lufthansa','2019-10-16T21:33','2019-10-17T12:24',891,6184,500,'LH367','CRJ700',263,12,22),('British Airways','2019-02-24T15:57','2019-02-25T21:02',1745,4038,500,'BA411','E-175',303,6,1),('British Airways','2019-09-08T04:07','2019-09-08T16:20',733,5507,300,'BA720','A340',519,28,24),('Norwegian','2019-08-19T12:18','2019-08-20T07:00',1122,7511,200,'NW742','SR-71 Blackbird',325,3,26),('Lufthansa','2019-09-06T03:04','2019-09-07T14:17',2113,8362,1000,'LH572','Boeing 747',459,28,8),('JetBlue Airways','2019-08-19T04:04','2019-08-19T20:37',993,8782,500,'B6353','A321',127,24,7),('SAS','2019-10-25T23:27','2019-10-27T16:27',2460,1206,200,'SA375','SR-71 Blackbird',459,18,4),('Alaska Airlines','2019-02-30T20:58','2019-02-30T23:48',170,5809,500,'AS658','A220',157,27,10),('Finnair','2019-07-05T13:38','2019-07-05T18:03',265,7146,1000,'FA311','Boeing 747',467,3,23),('Air Canada','2019-08-22T01:15','2019-08-22T06:49',334,2753,300,'AC947','A318',126,9,24),('Norwegian','2019-08-27T11:04','2019-08-28T08:24',1280,969,1000,'NW370','SR-71 Blackbird',109,7,28),('Frontier Airlines','2019-12-18T14:32','2019-12-19T16:56',1584,3815,300,'F9264','E-190',121,2,14),('Finnair','2019-05-15T07:33','2019-05-15T13:58',385,1991,500,'FA944','A300',554,25,3),('Delta Air Lines','2019-06-05T00:14','2019-06-06T06:13',1799,1912,500,'DL139','Boeing 787',466,5,4),('Lufthansa','2019-09-20T22:31','2019-09-22T13:45',2354,5454,500,'LH242','CRJ700',91,25,22),('British Airways','2019-06-09T03:29','2019-06-09T17:45',856,6144,1000,'BA969','A380',495,11,8),('JetBlue Airways','2019-02-16T05:23','2019-02-17T19:42',2299,8199,1000,'B6913','A310',74,30,23),('Delta Air Lines','2019-11-14T09:40','2019-11-15T18:58',1998,4586,300,'DL546','A321',445,28,18),('Delta Air Lines','2019-02-15T14:13','2019-02-15T21:01',408,750,500,'DL775','A318',537,20,17),('Delta Air Lines','2019-07-27T01:04','2019-07-27T19:57',1133,3033,300,'DL382','A320',58,27,16),('British Airways','2019-09-02T07:43','2019-09-02T12:40',297,7048,200,'BA135','E-190',150,10,12),('JetBlue Airways','2019-06-09T22:33','2019-06-11T09:31',2098,2943,1000,'B6121','A319',420,14,11),('British Airways','2019-02-05T12:09','2019-02-05T19:38',449,4944,500,'BA149','E-170',496,5,10),('Alaska Airlines','2019-08-01T04:11','2019-08-01T18:19',848,8387,300,'AS601','CRJ700',175,28,5),('Air Canada','2019-11-24T06:42','2019-11-24T21:02',860,3998,300,'AC592','Boeing 737',199,6,10),('Delta Air Lines','2019-10-05T08:23','2019-10-06T09:41',1518,5830,200,'DL254','A220',157,3,25),('SAS','2019-09-29T19:39','2019-09-30T02:11',392,6518,1000,'SA265','E-195',369,5,14),('SAS','2019-04-25T08:17','2019-04-25T12:55',278,1239,200,'SA720','Boeing 787',72,16,7),('Finnair','2019-06-01T23:40','2019-06-03T09:16',2016,5213,300,'FA805','Boeing 777',597,11,14),('Lufthansa','2019-03-11T16:21','2019-03-12T00:24',483,4941,200,'LH685','A319',598,19,23),('British Airways','2019-05-02T16:03','2019-05-03T00:36',513,7347,200,'BA383','A310',599,8,16),('JetBlue Airways','2019-04-26T11:48','2019-04-26T21:56',608,7256,500,'B6968','Millennium Falcon',238,22,13),('Norwegian','2019-05-12T20:39','2019-05-12T23:21',162,4198,500,'NW741','A330',148,5,24),('Finnair','2019-12-15T04:19','2019-12-15T11:52',453,4549,300,'FA639','A318',145,21,5),('SAS','2019-07-12T20:39','2019-07-13T01:00',261,6608,500,'SA403','Boeing 777',402,11,20),('Norwegian','2019-03-26T23:17','2019-03-28T16:51',2494,1519,1000,'NW521','E-170',74,27,19),('Lufthansa','2019-07-27T23:39','2019-07-29T23:53',2894,6025,200,'LH616','A318',598,2,12),('Air Canada','2019-08-16T05:54','2019-08-17T10:53',1739,7348,300,'AC779','SR-71 Blackbird',349,20,17),('Alaska Airlines','2019-11-20T01:16','2019-11-21T15:28',2292,9483,500,'AS635','CRJ900',221,14,12),('Air Canada','2019-11-09T14:49','2019-11-10T21:34',1845,4953,300,'AC381','A220',271,16,9),('JetBlue Airways','2019-01-06T22:32','2019-01-08T08:19',2027,577,500,'B6152','Boeing 737',313,11,8),('Norwegian','2019-07-09T16:04','2019-07-10T08:30',986,8106,500,'NW995','A330',312,11,12),('Lufthansa','2019-05-05T21:05','2019-05-05T24:21',196,4430,300,'LH257','A300',215,6,21),('Air Canada','2019-03-04T23:24','2019-03-06T10:03',2079,801,300,'AC839','A220',87,25,23),('American Airlines','2019-06-22T06:49','2019-06-23T20:53',2284,8767,1000,'AA930','A340',442,15,17),('WOW Air','2019-07-12T15:45','2019-07-12T18:10',145,758,300,'WA695','A330',175,21,26),('Finnair','2019-04-24T04:44','2019-04-25T03:28',1364,5912,500,'FA341','Boeing 737',263,18,8),('Finnair','2019-07-06T09:44','2019-07-07T07:56',1332,4986,500,'FA857','A320',144,14,6),('Norwegian','2019-11-20T02:13','2019-11-21T12:01',2028,8082,200,'NW627','E-195',483,7,20),('JetBlue Airways','2019-10-21T06:51','2019-10-22T03:18',1227,9017,500,'B6115','E-170',117,19,8),('British Airways','2019-02-10T03:16','2019-02-11T05:21',1565,9790,200,'BA848','Boeing 787',418,26,1),('British Airways','2019-07-10T15:50','2019-07-10T20:50',300,5556,500,'BA437','CRJ700',469,13,2),('Norwegian','2019-07-27T10:47','2019-07-28T11:20',1473,7382,200,'NW126','A300',342,15,16),('British Airways','2019-09-25T08:02','2019-09-26T23:05',2343,8591,1000,'BA599','Boeing 737',320,10,28),('Alaska Airlines','2019-12-03T05:46','2019-12-04T01:47',1201,884,1000,'AS115','CRJ705',246,27,16),('SAS','2019-07-04T08:08','2019-07-04T14:21',373,4343,1000,'SA330','A300',381,27,20),('Norwegian','2019-03-23T08:48','2019-03-23T16:27',459,1236,300,'NW759','A220',535,10,2),('Alaska Airlines','2019-11-08T02:02','2019-11-08T20:16',1094,2818,200,'AS898','CRJ705',204,18,8),('Norwegian','2019-03-02T18:16','2019-03-03T00:31',375,5233,200,'NW134','A321',567,27,26),('Air Canada','2019-10-23T23:27','2019-10-25T14:20',2333,3212,1000,'AC230','A320',80,1,30),('Norwegian','2019-03-21T19:27','2019-03-22T19:51',1464,8653,500,'NW334','Boeing 767',251,27,14),('Lufthansa','2019-06-28T20:41','2019-06-29T14:38',1077,6246,500,'LH418','A300',520,27,30),('British Airways','2019-12-08T13:06','2019-12-09T01:14',728,680,200,'BA830','Boeing 737',77,18,12),('American Airlines','2019-04-10T03:42','2019-04-11T23:37',2635,2330,300,'AA932','SR-71 Blackbird',421,30,1),('British Airways','2019-04-07T04:10','2019-04-08T01:34',1284,2385,500,'BA123','Boeing 767',129,21,20),('Frontier Airlines','2019-07-07T12:35','2019-07-08T00:24',709,1726,500,'F9617','Boeing 747',363,25,20),('British Airways','2019-10-13T08:54','2019-10-14T12:19',1645,9776,300,'BA465','Boeing 737',578,26,27),('British Airways','2019-06-20T18:52','2019-06-21T14:14',1162,9835,200,'BA382','A318',164,14,28),('WOW Air','2019-02-02T04:14','2019-02-03T07:28',1634,6395,500,'WA297','CRJ705',528,11,16),('Alaska Airlines','2019-10-03T12:42','2019-10-03T16:50',248,1835,200,'AS796','E-175',306,21,18),('Alaska Airlines','2019-07-21T05:33','2019-07-21T22:51',1038,4060,1000,'AS184','A321',458,2,25),('Frontier Airlines','2019-08-04T21:56','2019-08-05T13:16',920,4474,500,'F9564','Boeing 777',598,24,12),('JetBlue Airways','2019-02-14T06:04','2019-02-15T14:26',1942,6502,300,'B6426','A318',67,28,24),('Finnair','2019-04-20T04:56','2019-04-21T10:05',1749,8116,500,'FA513','SR-71 Blackbird',211,27,26),('Frontier Airlines','2019-05-10T03:09','2019-05-10T08:45',336,1280,300,'F9722','E-170',212,13,7),('Frontier Airlines','2019-05-22T04:01','2019-05-22T21:35',1054,7987,500,'F9939','CRJ700',584,21,14),('Norwegian','2019-12-10T19:52','2019-12-10T22:50',178,2002,1000,'NW989','E-175',100,12,26),('Alaska Airlines','2019-08-07T05:35','2019-08-08T20:00',2305,9244,200,'AS323','CRJ700',353,19,17),('Delta Air Lines','2019-11-15T13:45','2019-11-16T21:12',1887,8932,300,'DL482','SR-71 Blackbird',107,13,19),('British Airways','2019-03-01T15:51','2019-03-01T18:28',157,1549,1000,'BA138','A340',554,23,14),('WOW Air','2019-10-13T16:28','2019-10-14T06:41',853,7875,300,'WA533','A300',67,4,17),('Air Canada','2019-11-24T13:15','2019-11-25T17:43',1708,9813,1000,'AC168','E-170',318,24,9),('SAS','2019-01-08T11:19','2019-01-09T07:28',1209,1942,200,'SA178','A320',98,9,17),('Delta Air Lines','2019-06-15T22:25','2019-06-17T12:53',2308,3130,200,'DL190','Boeing 767',322,4,24),('SAS','2019-07-13T08:09','2019-07-13T19:33',684,3793,1000,'SA158','Boeing 787',281,8,19),('Lufthansa','2019-10-04T17:30','2019-10-05T09:53',983,1128,300,'LH178','SR-71 Blackbird',74,4,2),('Finnair','2019-06-29T10:16','2019-06-29T16:23',367,2502,300,'FA554','E-195',352,17,21),('British Airways','2019-08-09T02:06','2019-08-10T10:15',1929,1636,300,'BA816','E-195',200,18,4),('SAS','2019-09-29T19:25','2019-09-30T15:12',1187,1695,200,'SA802','SR-71 Blackbird',140,9,8),('Lufthansa','2019-06-25T08:15','2019-06-25T20:32',737,6463,500,'LH867','Boeing 787',574,7,23),('Norwegian','2019-05-19T22:38','2019-05-21T04:16',1778,694,300,'NW282','A330',468,5,18),('British Airways','2019-05-10T22:08','2019-05-12T13:43',2375,1172,200,'BA133','E-175',484,1,28),('Finnair','2019-03-07T11:45','2019-03-08T01:28',823,4769,1000,'FA999','A310',509,22,27),('Delta Air Lines','2019-11-10T18:24','2019-11-11T01:32',428,1549,200,'DL270','SR-71 Blackbird',264,29,1),('Air Canada','2019-12-07T16:47','2019-12-07T19:47',180,8080,300,'AC696','CRJ900',426,29,17),('JetBlue Airways','2019-10-22T05:33','2019-10-22T21:52',979,3223,200,'B6822','E-170',523,27,12),('SAS','2019-02-19T01:23','2019-02-19T17:32',969,4867,200,'SA382','A318',559,20,23),('SAS','2019-06-17T20:25','2019-06-18T00:19',234,9509,1000,'SA359','A319',594,3,17),('Frontier Airlines','2019-10-27T03:12','2019-10-27T17:09',837,7380,300,'F9868','A310',87,3,17),('Alaska Airlines','2019-10-27T01:07','2019-10-28T08:22',1875,611,500,'AS837','CRJ700',113,27,17),('Frontier Airlines','2019-02-07T06:33','2019-02-08T19:51',2238,6137,300,'F9772','A350',562,30,19),('Air Canada','2019-05-17T10:56','2019-05-17T23:10',734,6750,1000,'AC943','E-175',173,30,8),('JetBlue Airways','2019-06-25T10:04','2019-06-25T23:42',818,8435,500,'B6465','A380',114,23,3),('Air Canada','2019-07-16T11:02','2019-07-17T07:49',1247,2246,1000,'AC594','Boeing 787',594,16,17),('Norwegian','2019-06-21T07:40','2019-06-21T18:43',663,4231,500,'NW324','CRJ700',194,11,14),('British Airways','2019-04-30T04:24','2019-04-30T15:08',644,1400,300,'BA461','CRJ705',232,4,19),('Lufthansa','2019-03-29T08:16','2019-03-30T14:11',1795,603,1000,'LH774','A220',173,10,11),('Finnair','2019-06-28T17:02','2019-06-28T22:51',349,9336,300,'FA432','Boeing 747',81,3,11),('Delta Air Lines','2019-11-21T18:46','2019-11-21T22:07',201,1933,500,'DL815','A300',488,2,16),('Finnair','2019-09-25T11:06','2019-09-26T13:32',1586,9878,200,'FA433','A350',438,4,5),('WOW Air','2019-07-02T18:46','2019-07-03T04:27',581,855,300,'WA231','Boeing 747',453,18,27),('Norwegian','2019-02-28T13:18','2019-02-29T13:14',1436,3566,500,'NW526','Boeing 767',171,16,4),('WOW Air','2019-12-07T04:16','2019-12-07T14:47',631,4453,500,'WA664','A340',489,5,17),('SAS','2019-10-19T06:14','2019-10-19T11:36',322,747,500,'SA315','A319',112,20,17),('British Airways','2019-06-24T18:15','2019-06-24T21:55',220,7786,200,'BA397','E-170',522,2,12),('Finnair','2019-10-15T13:22','2019-10-15T21:16',474,9015,500,'FA400','A380',396,14,19),('Finnair','2019-01-24T17:31','2019-01-24T20:20',169,6452,300,'FA784','Millennium Falcon',410,4,5),('WOW Air','2019-06-09T04:24','2019-06-10T10:54',1830,9659,500,'WA647','E-195',191,26,17),('British Airways','2019-04-13T10:13','2019-04-14T16:13',1800,6729,500,'BA110','Millennium Falcon',263,29,12),('Finnair','2019-10-03T20:03','2019-10-04T18:16',1333,8327,500,'FA474','Boeing 787',340,16,26),('Delta Air Lines','2019-07-23T16:19','2019-07-23T19:47',208,8039,300,'DL689','A330',259,29,3),('Norwegian','2019-11-21T20:01','2019-11-21T23:42',221,8411,500,'NW820','A318',297,29,22),('Frontier Airlines','2019-09-10T07:40','2019-09-10T20:58',798,2473,500,'F9603','Boeing 767',156,28,12),('Lufthansa','2019-04-29T04:47','2019-04-30T21:53',2466,953,200,'LH699','E-195',260,15,3),('British Airways','2019-11-16T07:33','2019-11-16T23:09',936,4648,1000,'BA401','E-170',302,2,4),('SAS','2019-09-18T16:42','2019-09-18T21:46',304,3692,200,'SA246','A340',436,3,29),('Air Canada','2019-09-03T10:45','2019-09-03T20:28',583,5435,1000,'AC448','Boeing 747',175,16,7),('JetBlue Airways','2019-02-16T13:47','2019-02-16T18:02',255,4989,500,'B6793','Boeing 777',431,7,23),('Air Canada','2019-06-12T20:10','2019-06-12T23:54',224,7264,200,'AC539','E-190',399,15,11),('Air Canada','2019-08-10T03:27','2019-08-11T16:21',2214,5095,300,'AC399','A330',508,5,9),('Norwegian','2019-06-05T19:48','2019-06-05T23:01',193,9965,300,'NW972','A320',382,16,8),('British Airways','2019-05-06T17:34','2019-05-06T21:23',229,3847,300,'BA510','E-170',346,29,28),('Air Canada','2019-07-15T18:54','2019-07-16T02:26',452,6336,300,'AC312','A300',98,27,25),('Finnair','2019-03-19T10:49','2019-03-20T01:49',900,2853,300,'FA647','A319',108,25,1),('Frontier Airlines','2019-08-22T08:37','2019-08-22T23:45',908,2743,1000,'F9623','A350',323,22,10),('Finnair','2019-06-30T17:41','2019-06-30T23:53',372,7395,300,'FA144','A321',503,16,4),('Air Canada','2019-02-02T12:16','2019-02-02T22:31',615,5401,300,'AC328','Boeing 777',572,11,29),('Finnair','2019-03-04T20:30','2019-03-05T10:18',828,6185,500,'FA152','E-170',119,15,4),('Lufthansa','2019-06-30T09:28','2019-06-30T13:02',214,9671,200,'LH290','Boeing 787',528,6,23),('Delta Air Lines','2019-11-19T14:44','2019-11-20T06:41',957,898,500,'DL640','A318',349,19,18),('JetBlue Airways','2019-09-05T14:26','2019-09-06T02:38',732,6300,1000,'B6947','A318',394,10,14),('Norwegian','2019-11-09T18:17','2019-11-10T04:31',614,6822,300,'NW800','A220',502,6,14),('JetBlue Airways','2019-08-13T11:40','2019-08-14T17:21',1781,3395,500,'B6185','CRJ700',279,2,6),('Norwegian','2019-02-17T12:18','2019-02-17T18:27',369,2324,500,'NW267','A350',564,17,2),('Alaska Airlines','2019-03-21T09:15','2019-03-21T12:28',193,6694,500,'AS314','A300',440,12,15),('Norwegian','2019-08-27T14:56','2019-08-27T19:53',297,3929,500,'NW156','A340',233,14,6),('Norwegian','2019-07-03T07:30','2019-07-04T07:34',1444,3866,500,'NW929','Boeing 777',265,24,29),('Frontier Airlines','2019-08-19T06:01','2019-08-20T11:28',1767,3307,1000,'F9155','A330',202,19,15),('WOW Air','2019-04-01T07:44','2019-04-01T22:17',873,7042,500,'WA286','A330',308,24,5),('WOW Air','2019-02-20T23:08','2019-02-22T08:44',2016,7668,1000,'WA967','E-170',175,4,16),('Frontier Airlines','2019-02-05T06:04','2019-02-05T19:17',793,3021,500,'F9691','Boeing 777',555,3,4),('Lufthansa','2019-05-28T04:31','2019-05-28T18:45',854,5211,500,'LH127','Boeing 767',212,6,15),('American Airlines','2019-08-23T06:41','2019-08-24T06:57',1456,3695,500,'AA491','Boeing 777',374,16,3),('Air Canada','2019-10-27T16:51','2019-10-27T23:01',370,2807,500,'AC372','A380',375,11,13),('Frontier Airlines','2019-06-09T10:21','2019-06-10T13:26',1625,4547,500,'F9326','A330',174,22,15),('SAS','2019-09-18T16:07','2019-09-18T19:23',196,5920,200,'SA768','CRJ705',167,8,30),('Alaska Airlines','2019-08-20T15:49','2019-08-21T23:02',1873,9531,300,'AS467','CRJ705',408,28,14),('Delta Air Lines','2019-09-04T04:52','2019-09-05T14:21',2009,521,300,'DL306','A321',462,21,16),('JetBlue Airways','2019-01-05T07:23','2019-01-06T21:16',2273,7389,300,'B6625','E-190',475,15,22),('British Airways','2019-11-02T15:49','2019-11-03T12:40',1251,7783,300,'BA545','E-195',344,28,26),('Finnair','2019-12-17T20:18','2019-12-17T23:49',211,7241,500,'FA882','SR-71 Blackbird',489,4,27),('Finnair','2019-03-26T07:21','2019-03-26T12:32',311,9661,300,'FA122','A380',270,14,26),('Air Canada','2019-04-19T01:17','2019-04-19T08:50',453,8069,200,'AC279','Boeing 747',144,21,3),('British Airways','2019-03-14T00:35','2019-03-15T05:24',1729,5172,1000,'BA137','Boeing 787',245,11,17),('Air Canada','2019-05-15T08:29','2019-05-16T18:02',2013,7134,300,'AC709','A220',550,14,24),('JetBlue Airways','2019-04-25T12:16','2019-04-26T22:19',2043,1980,300,'B6165','CRJ700',339,22,8),('British Airways','2019-01-24T03:39','2019-01-24T12:16',517,1597,300,'BA445','CRJ1000',371,3,13),('Lufthansa','2019-01-07T16:39','2019-01-07T21:34',295,9198,200,'LH184','E-175',533,22,18),('Air Canada','2019-03-16T12:24','2019-03-16T23:11',647,3274,1000,'AC416','Boeing 777',208,9,28),('JetBlue Airways','2019-09-22T05:50','2019-09-23T13:13',1883,4291,200,'B6811','A350',206,4,24),('Finnair','2019-04-08T22:01','2019-04-10T14:41',2440,2978,300,'FA298','E-195',492,15,26),('Frontier Airlines','2019-05-24T10:53','2019-05-24T15:10',257,8481,200,'F9357','SR-71 Blackbird',304,8,3),('American Airlines','2019-08-04T22:21','2019-08-06T06:53',1952,4205,1000,'AA125','SR-71 Blackbird',525,5,18),('Delta Air Lines','2019-05-09T22:02','2019-05-11T22:43',2921,8263,300,'DL596','A330',539,28,22),('British Airways','2019-02-15T07:23','2019-02-15T23:15',952,6012,500,'BA847','A220',336,28,20),('Air Canada','2019-11-20T06:40','2019-11-21T01:55',1155,8356,1000,'AC547','A300',599,21,16),('British Airways','2019-05-13T14:07','2019-05-14T15:36',1529,3063,300,'BA943','A321',558,14,27),('British Airways','2019-06-19T18:46','2019-06-19T21:39',173,2887,1000,'BA952','CRJ900',341,29,5),('American Airlines','2019-04-17T18:08','2019-04-17T22:55',287,9522,500,'AA705','Boeing 747',379,1,10),('Norwegian','2019-07-23T20:09','2019-07-24T16:42',1233,2844,300,'NW524','A220',169,9,7),('SAS','2019-09-16T03:48','2019-09-17T15:19',2131,1179,500,'SA516','Boeing 787',542,29,14),('Delta Air Lines','2019-09-08T11:31','2019-09-08T21:44',613,2160,300,'DL602','Boeing 767',50,19,21),('JetBlue Airways','2019-06-18T01:28','2019-06-18T10:18',530,1287,300,'B6508','A318',162,24,11),('Delta Air Lines','2019-10-23T16:24','2019-10-23T20:19',235,1826,200,'DL183','A319',250,28,18),('Norwegian','2019-04-16T01:47','2019-04-16T09:01',434,727,300,'NW770','Boeing 777',109,4,1),('JetBlue Airways','2019-03-24T02:20','2019-03-25T19:18',2458,6626,1000,'B6217','A380',447,21,19),('SAS','2019-06-05T01:27','2019-06-06T22:37',2710,1469,500,'SA120','CRJ900',223,19,17),('Norwegian','2019-01-16T13:08','2019-01-16T22:55',587,7013,300,'NW832','SR-71 Blackbird',547,9,18),('JetBlue Airways','2019-07-24T06:26','2019-07-24T20:26',840,2959,300,'B6249','A310',476,24,18),('Delta Air Lines','2019-06-11T09:41','2019-06-11T21:15',694,4098,300,'DL124','CRJ705',594,4,3),('Lufthansa','2019-08-10T07:08','2019-08-11T21:34',2306,3674,200,'LH505','CRJ900',413,5,2),('Frontier Airlines','2019-02-13T14:52','2019-02-14T11:26',1234,3904,1000,'F9899','A350',127,6,23),('Lufthansa','2019-07-12T02:02','2019-07-12T06:13',251,3927,200,'LH656','E-175',134,5,24),('Norwegian','2019-03-18T05:35','2019-03-19T20:28',2333,8426,1000,'NW266','A318',474,27,3),('Lufthansa','2019-11-21T13:35','2019-11-21T23:57',622,4806,300,'LH123','A319',554,19,21),('WOW Air','2019-09-06T05:49','2019-09-07T16:15',2066,9611,300,'WA521','A319',527,11,20),('Norwegian','2019-09-25T19:14','2019-09-26T10:18',904,5348,200,'NW873','E-175',259,21,20),('JetBlue Airways','2019-04-13T23:07','2019-04-15T07:29',1942,6525,300,'B6226','SR-71 Blackbird',224,6,30),('Norwegian','2019-02-07T01:00','2019-02-08T23:56',2816,5327,1000,'NW122','Boeing 767',481,29,9),('British Airways','2019-04-13T21:04','2019-04-14T08:00',656,9298,500,'BA502','Boeing 767',267,12,26),('Norwegian','2019-03-26T04:06','2019-03-26T22:58',1132,3708,300,'NW246','Boeing 767',218,11,16),('Lufthansa','2019-03-21T08:49','2019-03-22T15:15',1826,1885,500,'LH581','Boeing 737',286,3,24),('Frontier Airlines','2019-07-09T02:20','2019-07-09T21:14',1134,7214,500,'F9461','A380',511,2,13),('British Airways','2019-06-04T04:17','2019-06-04T07:55',218,6275,200,'BA350','A350',334,5,30),('Delta Air Lines','2019-06-24T14:02','2019-06-25T04:33',871,2046,200,'DL234','Boeing 777',75,13,4),('JetBlue Airways','2019-11-23T11:28','2019-11-24T10:26',1378,6351,300,'B6733','Boeing 777',192,1,23),('Delta Air Lines','2019-11-28T14:38','2019-11-28T21:20',402,8175,500,'DL561','CRJ1000',505,25,6),('Air Canada','2019-02-15T03:05','2019-02-16T19:56',2451,9703,1000,'AC999','A310',189,21,15),('British Airways','2019-09-02T09:31','2019-09-03T12:27',1616,997,300,'BA173','A220',444,19,18),('British Airways','2019-08-22T17:49','2019-08-23T21:30',1661,7063,300,'BA419','Boeing 737',458,27,23),('British Airways','2019-03-12T09:07','2019-03-12T13:05',238,4921,1000,'BA225','Boeing 737',356,9,4),('Norwegian','2019-11-10T16:39','2019-11-10T20:26',227,8876,500,'NW203','Boeing 787',289,27,25),('American Airlines','2019-02-19T12:56','2019-02-20T09:20',1224,8234,500,'AA676','A380',552,6,18),('Alaska Airlines','2019-04-07T01:22','2019-04-08T08:10',1848,1662,300,'AS339','CRJ1000',599,28,27),('Frontier Airlines','2019-06-25T10:14','2019-06-25T17:53',459,6847,500,'F9796','Boeing 747',497,25,18),('WOW Air','2019-05-23T15:34','2019-05-24T06:29',895,1381,500,'WA640','CRJ705',453,21,26),('American Airlines','2019-08-21T07:16','2019-08-22T10:06',1610,6982,500,'AA181','A320',467,27,16),('SAS','2019-02-12T07:12','2019-02-12T22:26',914,6284,500,'SA820','Boeing 777',234,14,16),('Delta Air Lines','2019-11-07T10:13','2019-11-08T16:24',1811,5405,300,'DL406','E-190',431,1,5),('British Airways','2019-09-21T13:13','2019-09-21T19:16',363,5070,500,'BA524','E-175',396,24,17),('WOW Air','2019-03-30T15:53','2019-03-30T22:49',416,4639,500,'WA271','A380',153,3,8),('Norwegian','2019-05-18T17:47','2019-05-19T13:27',1180,8513,200,'NW128','A319',471,28,17),('JetBlue Airways','2019-08-24T14:26','2019-08-25T04:40',854,931,300,'B6486','CRJ900',289,5,22),('American Airlines','2019-02-22T04:23','2019-02-22T13:06',523,6790,300,'AA120','A380',414,20,11),('Alaska Airlines','2019-12-08T11:24','2019-12-08T17:50',386,6912,1000,'AS896','Boeing 747',563,19,24),('Air Canada','2019-09-23T01:24','2019-09-24T13:25',2161,4643,300,'AC227','Boeing 787',181,19,14),('Frontier Airlines','2019-10-02T21:47','2019-10-03T12:27',880,4905,300,'F9265','SR-71 Blackbird',465,28,27),('Alaska Airlines','2019-05-07T17:12','2019-05-07T22:36',324,889,300,'AS838','E-190',465,4,3),('Alaska Airlines','2019-11-15T04:19','2019-11-16T13:51',2012,1425,300,'AS708','A319',542,15,28),('SAS','2019-06-21T18:19','2019-06-21T21:24',185,2434,500,'SA956','A350',475,22,6),('American Airlines','2019-09-17T07:09','2019-09-17T14:50',461,1878,500,'AA734','A319',110,15,4),('Norwegian','2019-08-27T15:04','2019-08-28T05:57',893,5718,300,'NW817','A320',450,12,3),('Norwegian','2019-05-24T08:30','2019-05-24T21:40',790,5183,300,'NW900','A220',130,9,15),('American Airlines','2019-05-09T18:43','2019-05-10T21:07',1584,3302,300,'AA874','A320',153,23,9),('Delta Air Lines','2019-08-28T03:50','2019-08-28T17:35',825,2177,300,'DL361','A320',94,29,21),('British Airways','2019-03-09T21:02','2019-03-09T24:42',220,7750,500,'BA688','CRJ1000',551,13,4),('Alaska Airlines','2019-05-20T20:33','2019-05-21T07:37',664,6430,1000,'AS584','CRJ700',177,12,6),('Finnair','2019-09-09T13:08','2019-09-10T03:08',840,3651,500,'FA141','A319',577,21,29),('American Airlines','2019-03-25T21:40','2019-03-25T24:52',192,678,500,'AA357','A321',350,17,5),('JetBlue Airways','2019-08-18T20:46','2019-08-18T23:15',149,1918,300,'B6881','Boeing 777',245,4,17),('British Airways','2019-03-11T09:16','2019-03-12T21:51',2195,5504,1000,'BA590','CRJ700',498,13,7),('British Airways','2019-11-10T21:52','2019-11-10T24:21',149,3069,500,'BA133','A319',260,21,17),('American Airlines','2019-06-04T12:09','2019-06-04T16:34',265,9479,300,'AA274','SR-71 Blackbird',269,8,9),('Alaska Airlines','2019-06-03T02:58','2019-06-04T20:27',2489,9862,300,'AS217','A300',391,17,23),('JetBlue Airways','2019-12-22T13:49','2019-12-22T19:39',350,8699,1000,'B6971','Boeing 777',96,10,15),('Lufthansa','2019-05-20T06:16','2019-05-20T16:22',606,6645,300,'LH134','CRJ1000',396,22,1),('Lufthansa','2019-06-24T22:35','2019-06-26T03:20',1725,6371,200,'LH552','CRJ900',240,27,16),('Norwegian','2019-05-18T17:35','2019-05-19T00:45',430,8661,1000,'NW433','Boeing 747',501,7,26),('Delta Air Lines','2019-02-16T15:58','2019-02-16T20:46',288,9614,500,'DL791','CRJ900',419,4,12),('Air Canada','2019-04-08T10:40','2019-04-09T19:34',1974,7503,200,'AC318','A330',460,23,6),('Norwegian','2019-03-26T16:15','2019-03-27T17:46',1531,1365,500,'NW941','E-175',245,17,1),('Norwegian','2019-04-14T05:39','2019-04-14T18:31',772,7670,500,'NW179','Boeing 747',415,23,11),('Finnair','2019-10-03T01:51','2019-10-04T19:57',2526,2284,1000,'FA711','Boeing 777',58,28,11),('JetBlue Airways','2019-07-07T04:42','2019-07-08T06:29',1547,7670,1000,'B6935','A318',341,3,13),('Alaska Airlines','2019-02-29T22:23','2019-02-31T07:41',1998,3509,300,'AS347','A300',121,6,29),('Alaska Airlines','2019-09-02T08:58','2019-09-02T15:57',419,7465,300,'AS101','A318',226,18,28),('WOW Air','2019-10-12T21:15','2019-10-12T23:58',163,1963,300,'WA767','A310',122,2,12),('American Airlines','2019-10-04T05:14','2019-10-05T03:54',1360,4604,300,'AA874','Boeing 777',395,8,15),('Alaska Airlines','2019-05-24T05:31','2019-05-25T21:10',2379,1411,500,'AS484','A220',397,14,7),('British Airways','2019-08-27T10:07','2019-08-27T16:36',389,2185,300,'BA831','Boeing 737',500,2,22),('Air Canada','2019-10-05T19:05','2019-10-06T08:08',783,4408,300,'AC686','Boeing 737',576,17,7),('Finnair','2019-06-03T03:56','2019-06-04T16:02',2166,2784,500,'FA908','E-195',177,13,12),('British Airways','2019-05-25T12:22','2019-05-26T09:36',1274,1901,300,'BA929','A321',167,4,2),('SAS','2019-07-02T20:04','2019-07-02T23:52',228,8670,500,'SA870','SR-71 Blackbird',576,29,18),('Alaska Airlines','2019-03-05T05:01','2019-03-06T19:28',2307,7340,200,'AS719','A310',591,8,2),('JetBlue Airways','2019-04-18T08:34','2019-04-18T18:11',577,5934,300,'B6722','A318',198,25,1),('JetBlue Airways','2019-11-29T15:12','2019-11-29T20:09',297,5994,1000,'B6157','A321',597,8,17),('Alaska Airlines','2019-07-22T00:39','2019-07-23T15:03',2304,7556,300,'AS628','A320',111,15,27),('Lufthansa','2019-02-02T21:08','2019-02-03T19:22',1334,9170,1000,'LH805','A300',372,23,29),('Finnair','2019-01-22T17:55','2019-01-23T09:31',936,5569,300,'FA586','A340',568,9,27),('Lufthansa','2019-06-03T20:08','2019-06-03T23:52',224,2970,300,'LH372','A310',124,2,3),('Alaska Airlines','2019-02-26T05:57','2019-02-27T06:49',1492,7774,500,'AS470','E-170',437,27,18),('WOW Air','2019-11-05T09:58','2019-11-05T19:11',553,6046,500,'WA551','E-190',275,15,27),('Finnair','2019-06-02T21:36','2019-06-03T08:55',679,4882,200,'FA221','A321',519,4,19),('Air Canada','2019-03-26T18:47','2019-03-27T21:18',1591,1279,200,'AC118','E-190',583,27,9),('SAS','2019-04-07T22:32','2019-04-09T19:33',2701,6399,300,'SA135','A330',103,12,7),('Alaska Airlines','2019-11-11T07:58','2019-11-12T05:58',1320,4844,300,'AS578','A319',451,3,10),('Frontier Airlines','2019-01-21T16:01','2019-01-22T20:19',1698,701,300,'F9880','Boeing 747',583,22,10),('SAS','2019-02-13T15:43','2019-02-13T19:47',244,1554,500,'SA256','A310',543,3,21),('Alaska Airlines','2019-06-09T08:13','2019-06-09T14:22',369,1466,500,'AS302','Boeing 787',534,14,4),('JetBlue Airways','2019-08-02T07:47','2019-08-02T21:26',819,628,500,'B6565','A319',393,17,16),('British Airways','2019-11-21T07:50','2019-11-21T23:09',919,1294,300,'BA401','E-175',368,3,13),('Norwegian','2019-02-07T14:29','2019-02-08T07:49',1040,7415,200,'NW615','E-170',597,3,10),('SAS','2019-01-10T02:28','2019-01-10T13:02',634,2005,200,'SA696','A380',309,7,3),('British Airways','2019-03-09T16:58','2019-03-10T03:23',625,3882,300,'BA389','A300',160,23,15),('Frontier Airlines','2019-01-11T17:40','2019-01-11T22:07',267,4244,1000,'F9202','A350',262,9,3),('Alaska Airlines','2019-08-28T07:34','2019-08-28T16:53',559,8770,200,'AS865','A320',589,17,11),('British Airways','2019-07-03T10:01','2019-07-03T14:30',269,5673,300,'BA307','A319',440,4,16),('Norwegian','2019-07-29T08:53','2019-07-29T19:06',613,1226,1000,'NW142','CRJ700',361,28,5),('WOW Air','2019-01-08T09:35','2019-01-08T15:52',377,1140,300,'WA981','A380',261,28,17),('Air Canada','2019-12-15T04:16','2019-12-15T14:38',622,6516,500,'AC949','E-190',569,16,15),('Alaska Airlines','2019-02-22T19:47','2019-02-22T22:51',184,618,1000,'AS257','CRJ900',119,9,27),('Alaska Airlines','2019-04-02T15:20','2019-04-03T06:32',912,8806,1000,'AS110','CRJ700',585,27,19),('Frontier Airlines','2019-08-02T13:19','2019-08-02T20:14',415,6840,1000,'F9544','A380',446,12,21),('SAS','2019-11-22T03:14','2019-11-23T21:34',2540,1933,1000,'SA997','A330',338,3,7),('WOW Air','2019-09-25T08:33','2019-09-25T13:46',313,3149,300,'WA606','Boeing 747',98,9,12),('Finnair','2019-04-15T02:19','2019-04-16T10:49',1950,6223,200,'FA101','A340',330,29,12),('Frontier Airlines','2019-07-27T22:01','2019-07-29T02:15',1694,5201,1000,'F9758','Boeing 767',426,27,14),('Frontier Airlines','2019-03-12T06:40','2019-03-13T20:15',2255,7871,200,'F9276','E-190',535,17,23),('JetBlue Airways','2019-06-29T02:46','2019-06-30T02:12',1406,1215,200,'B6550','Millennium Falcon',236,20,23),('Delta Air Lines','2019-09-03T15:03','2019-09-03T18:29',206,506,200,'DL119','Millennium Falcon',371,16,2),('SAS','2019-12-14T02:48','2019-12-15T07:19',1711,3448,300,'SA663','CRJ705',461,1,18),('Lufthansa','2019-11-21T03:32','2019-11-21T20:02',990,612,300,'LH530','CRJ705',533,28,20),('Finnair','2019-08-24T12:24','2019-08-25T21:39',1995,6904,1000,'FA224','CRJ700',167,20,12),('British Airways','2019-03-08T14:50','2019-03-08T17:40',170,5058,300,'BA501','A318',314,21,13),('Lufthansa','2019-03-30T15:53','2019-03-30T18:02',129,8723,500,'LH619','SR-71 Blackbird',233,27,13),('Lufthansa','2019-08-26T05:08','2019-08-27T15:53',2085,5725,500,'LH496','CRJ900',505,24,26),('SAS','2019-12-22T06:29','2019-12-22T15:03',514,1600,500,'SA941','A220',285,13,12),('Frontier Airlines','2019-09-26T12:40','2019-09-27T13:21',1481,7653,300,'F9832','Boeing 787',219,19,18),('SAS','2019-12-03T00:48','2019-12-04T21:54',2706,5884,300,'SA152','E-175',112,2,30),('Finnair','2019-05-23T21:55','2019-05-24T21:21',1406,9664,300,'FA603','E-190',377,21,10),('Alaska Airlines','2019-11-11T20:30','2019-11-12T14:57',1107,5503,500,'AS694','A330',137,19,20),('Delta Air Lines','2019-10-15T08:21','2019-10-15T17:47',566,1567,300,'DL792','E-175',340,6,9),('Alaska Airlines','2019-04-17T09:01','2019-04-17T18:35',574,7261,1000,'AS273','A318',106,26,7),('Alaska Airlines','2019-02-10T22:53','2019-02-12T16:03',2470,8574,500,'AS828','A220',498,30,1),('Finnair','2019-08-09T18:10','2019-08-09T21:33',203,2308,300,'FA912','A310',450,2,25),('Alaska Airlines','2019-10-21T12:22','2019-10-22T13:29',1507,5669,500,'AS983','A321',65,23,17),('Finnair','2019-02-29T01:24','2019-02-30T16:21',2337,3187,200,'FA558','A318',248,10,6),('Norwegian','2019-01-08T14:21','2019-01-09T18:14',1673,2111,200,'NW892','CRJ900',91,23,5),('Air Canada','2019-09-11T21:44','2019-09-12T21:15',1411,7551,1000,'AC992','CRJ700',372,30,24),('Norwegian','2019-05-14T05:37','2019-05-14T13:15',458,9943,500,'NW447','A300',445,30,26),('JetBlue Airways','2019-11-17T08:59','2019-11-17T20:27',688,4385,500,'B6478','A310',106,25,14),('Lufthansa','2019-08-09T15:17','2019-08-09T23:36',499,4420,500,'LH689','Boeing 737',536,15,23),('Norwegian','2019-11-29T18:02','2019-11-30T14:23',1221,5175,300,'NW103','A300',108,17,6),('Delta Air Lines','2019-07-06T03:52','2019-07-07T09:28',1776,4250,1000,'DL418','A350',358,21,3),('Alaska Airlines','2019-06-20T13:22','2019-06-20T20:31',429,9446,300,'AS173','E-195',487,7,13),('Finnair','2019-05-18T07:13','2019-05-18T18:50',697,1209,300,'FA301','A350',522,16,25),('Finnair','2019-05-16T03:52','2019-05-17T17:22',2250,7676,1000,'FA118','E-175',545,17,29),('Delta Air Lines','2019-06-21T13:25','2019-06-21T21:14',469,8776,500,'DL641','E-195',255,27,17),('Lufthansa','2019-10-05T19:55','2019-10-06T12:59',1024,8614,300,'LH127','A319',363,8,15),('SAS','2019-02-18T11:19','2019-02-18T20:36',557,6734,500,'SA189','A319',385,14,28),('American Airlines','2019-02-19T19:43','2019-02-20T12:56',1033,1675,500,'AA753','A321',428,27,23),('Finnair','2019-02-13T03:05','2019-02-14T10:24',1879,5256,500,'FA517','Boeing 767',202,25,10),('Air Canada','2019-11-04T19:17','2019-11-05T21:25',1568,6017,500,'AC332','A300',504,29,13),('Finnair','2019-06-06T23:43','2019-06-08T19:57',2654,4409,500,'FA724','E-195',182,5,11),('British Airways','2019-11-25T06:07','2019-11-26T05:42',1415,1092,500,'BA968','E-170',376,7,14),('SAS','2019-04-27T13:56','2019-04-28T04:12',856,8966,300,'SA914','E-170',405,20,25),('Finnair','2019-03-10T04:21','2019-03-10T20:17',956,5880,500,'FA582','Boeing 767',208,15,9),('Lufthansa','2019-10-13T01:38','2019-10-14T14:47',2229,1400,200,'LH786','Boeing 737',589,7,25),('JetBlue Airways','2019-05-12T20:47','2019-05-12T23:06',139,3790,500,'B6268','E-195',190,25,3),('JetBlue Airways','2019-04-02T13:10','2019-04-03T03:13',843,5979,300,'B6310','A330',173,14,26),('Frontier Airlines','2019-11-02T02:47','2019-11-03T04:15',1528,8923,300,'F9958','A380',199,24,2),('WOW Air','2019-09-09T18:25','2019-09-09T21:56',211,6694,300,'WA176','A350',216,23,29),('British Airways','2019-09-07T14:58','2019-09-07T21:24',386,9432,500,'BA573','CRJ705',511,14,22),('Air Canada','2019-06-20T21:15','2019-06-21T04:26',431,3219,300,'AC682','Boeing 777',198,1,28),('SAS','2019-09-05T14:36','2019-09-06T00:08',572,3975,300,'SA796','CRJ700',231,11,20),('Delta Air Lines','2019-04-21T21:03','2019-04-21T23:14',131,3574,1000,'DL246','Boeing 777',597,26,18),('Alaska Airlines','2019-08-09T14:23','2019-08-10T07:34',1031,925,300,'AS648','A320',405,25,11),('Delta Air Lines','2019-02-20T02:29','2019-02-21T16:40',2291,7814,200,'DL364','Boeing 767',508,28,14),('Norwegian','2019-06-04T04:47','2019-06-04T21:53',1026,3491,300,'NW854','E-170',560,14,3),('Frontier Airlines','2019-07-12T09:20','2019-07-12T14:35',315,4102,500,'F9596','A320',519,11,20),('Finnair','2019-03-04T11:56','2019-03-04T16:30',274,1641,1000,'FA724','A321',273,14,17),('Norwegian','2019-11-28T22:14','2019-11-30T17:55',2621,2194,500,'NW639','E-175',368,29,2),('Lufthansa','2019-04-09T02:23','2019-04-09T23:38',1275,4530,200,'LH502','A321',130,27,2),('SAS','2019-08-28T12:46','2019-08-29T06:25',1059,1951,200,'SA606','A320',338,7,9),('Norwegian','2019-06-12T20:26','2019-06-12T23:21',175,2122,300,'NW397','E-175',483,22,9),('Lufthansa','2019-10-08T03:36','2019-10-08T11:20',464,8974,500,'LH342','E-175',57,22,27),('Air Canada','2019-11-03T11:53','2019-11-04T11:35',1422,2535,300,'AC902','A350',471,3,7),('JetBlue Airways','2019-04-22T12:42','2019-04-22T20:34',472,789,1000,'B6994','A310',499,18,24),('Norwegian','2019-11-09T01:26','2019-11-09T18:09',1003,8984,1000,'NW566','A320',592,22,27),('Delta Air Lines','2019-11-10T08:52','2019-11-11T17:47',1975,5432,300,'DL621','CRJ700',154,26,11),('SAS','2019-09-23T16:55','2019-09-23T19:06',131,3998,300,'SA333','A350',169,30,26),('SAS','2019-07-06T03:40','2019-07-07T16:27',2207,7623,300,'SA180','E-170',439,10,3),('Frontier Airlines','2019-06-01T11:05','2019-06-01T14:39',214,1926,500,'F9266','A350',206,21,5),('SAS','2019-03-18T08:51','2019-03-18T21:58',787,3846,200,'SA129','A310',410,6,22),('JetBlue Airways','2019-08-18T12:14','2019-08-19T19:26',1872,5143,1000,'B6176','Boeing 777',474,4,11),('Lufthansa','2019-02-12T22:28','2019-02-14T04:21',1793,2969,200,'LH422','A350',325,10,5),('JetBlue Airways','2019-02-29T07:30','2019-02-30T16:23',1973,6646,1000,'B6464','A220',599,21,12),('Air Canada','2019-11-29T06:29','2019-11-30T05:50',1401,7361,200,'AC857','A300',348,3,30),('Delta Air Lines','2019-03-20T19:45','2019-03-21T22:33',1608,4702,300,'DL589','CRJ900',365,3,14),('Finnair','2019-09-26T01:22','2019-09-26T13:35',733,2645,500,'FA203','SR-71 Blackbird',423,6,27),('SAS','2019-07-14T16:48','2019-07-15T20:19',1651,746,500,'SA368','A380',152,22,6),('British Airways','2019-08-05T12:10','2019-08-05T19:35',445,7468,500,'BA218','E-170',398,27,18),('British Airways','2019-12-07T16:40','2019-12-08T02:45',605,8484,300,'BA817','A330',371,8,28),('American Airlines','2019-01-29T17:12','2019-01-30T21:52',1720,3681,200,'AA468','E-195',335,25,8),('British Airways','2019-07-14T14:49','2019-07-15T12:09',1280,4298,1000,'BA333','E-175',264,16,8),('Frontier Airlines','2019-02-11T08:10','2019-02-12T13:58',1788,1451,200,'F9842','CRJ700',86,23,19),('WOW Air','2019-07-03T10:22','2019-07-04T02:44',982,6289,200,'WA861','A340',596,2,11),('Lufthansa','2019-04-28T02:22','2019-04-29T17:36',2354,4580,300,'LH686','E-195',117,19,1),('Alaska Airlines','2019-03-11T07:50','2019-03-12T05:49',1319,2479,200,'AS565','A340',491,22,12),('British Airways','2019-07-16T20:37','2019-07-17T06:27',590,8617,500,'BA453','A220',498,20,23),('Delta Air Lines','2019-06-06T13:45','2019-06-06T21:29',464,5858,500,'DL733','Boeing 777',300,5,13),('British Airways','2019-10-05T23:25','2019-10-07T04:25',1740,5586,200,'BA389','Boeing 737',445,14,5),('JetBlue Airways','2019-03-09T21:19','2019-03-10T12:47',928,7565,300,'B6875','A380',411,11,30),('British Airways','2019-02-16T18:29','2019-02-17T04:56',627,6421,500,'BA196','A350',344,29,27),('Lufthansa','2019-12-24T04:57','2019-12-25T01:05',1208,7511,1000,'LH553','Boeing 737',469,4,24),('Frontier Airlines','2019-11-13T16:26','2019-11-13T19:57',211,2164,500,'F9122','Boeing 767',461,18,20),('SAS','2019-09-19T22:27','2019-09-21T20:51',2784,6811,500,'SA861','A380',97,23,7),('Lufthansa','2019-06-23T08:07','2019-06-24T01:52',1065,1303,200,'LH156','A330',330,25,22),('JetBlue Airways','2019-02-26T07:38','2019-02-27T03:19',1181,8037,300,'B6439','E-170',559,8,16),('Frontier Airlines','2019-02-03T02:57','2019-02-04T15:38',2201,2628,500,'F9967','A321',299,1,28),('SAS','2019-02-09T09:53','2019-02-10T09:40',1427,5473,300,'SA299','Boeing 737',463,9,8),('Lufthansa','2019-08-22T02:23','2019-08-23T12:52',2069,9074,1000,'LH208','E-195',146,6,14),('British Airways','2019-11-06T23:33','2019-11-08T11:44',2171,9779,500,'BA193','A220',446,13,12),('Lufthansa','2019-11-09T18:45','2019-11-09T22:14',209,5194,500,'LH496','E-190',409,27,20),('WOW Air','2019-05-24T14:17','2019-05-24T20:51',394,1836,200,'WA674','CRJ705',495,21,29),('Delta Air Lines','2019-04-05T18:56','2019-04-06T13:22',1106,6700,500,'DL291','E-170',328,18,6),('Alaska Airlines','2019-06-27T02:16','2019-06-28T21:36',2600,6660,200,'AS253','E-190',386,6,1),('British Airways','2019-05-17T08:41','2019-05-18T13:12',1711,8757,300,'BA271','A320',271,6,25),('WOW Air','2019-11-05T14:33','2019-11-05T18:16',223,8517,300,'WA928','A350',222,14,3),('Air Canada','2019-01-21T23:34','2019-01-23T14:10',2316,4872,1000,'AC536','E-170',338,29,12),('British Airways','2019-02-20T01:27','2019-02-21T13:12',2145,7218,300,'BA571','CRJ700',311,5,7),('American Airlines','2019-08-27T13:48','2019-08-28T13:37',1429,5920,200,'AA431','A380',514,23,6),('JetBlue Airways','2019-10-11T22:50','2019-10-13T12:55',2285,6672,200,'B6935','Boeing 767',78,17,15),('Delta Air Lines','2019-08-12T17:18','2019-08-13T10:32',1034,7215,300,'DL518','CRJ900',349,19,1),('Frontier Airlines','2019-02-19T07:13','2019-02-20T21:23',2290,1994,300,'F9736','E-195',427,24,1),('Finnair','2019-04-26T02:58','2019-04-26T06:20',202,1561,300,'FA244','A220',100,18,27),('Lufthansa','2019-02-22T22:07','2019-02-24T12:50',2323,6334,300,'LH616','CRJ900',441,3,15),('Finnair','2019-10-08T14:29','2019-10-08T19:58',329,3838,200,'FA543','E-190',520,16,6),('Alaska Airlines','2019-10-22T16:26','2019-10-23T16:20',1434,2035,200,'AS445','A380',202,15,28),('Norwegian','2019-03-22T06:15','2019-03-23T22:49',2434,5372,1000,'NW919','CRJ700',447,20,17),('Alaska Airlines','2019-10-16T08:19','2019-10-17T02:44',1105,9339,200,'AS458','CRJ705',195,5,13),('Alaska Airlines','2019-01-07T00:27','2019-01-07T14:08',821,8122,500,'AS414','CRJ700',501,18,26),('British Airways','2019-11-04T00:35','2019-11-04T18:53',1098,9606,1000,'BA223','A321',484,12,30),('Delta Air Lines','2019-03-05T04:33','2019-03-06T10:32',1799,6535,300,'DL727','A300',505,4,6),('British Airways','2019-12-19T10:57','2019-12-19T16:56',359,7456,300,'BA135','A318',424,21,7),('American Airlines','2019-05-28T19:55','2019-05-29T03:45',470,5210,200,'AA705','A340',565,20,21),('Alaska Airlines','2019-11-15T12:03','2019-11-16T01:20',797,2947,1000,'AS705','CRJ705',547,23,25),('Finnair','2019-10-14T03:35','2019-10-15T12:07',1952,9888,200,'FA935','A380',200,5,16),('Frontier Airlines','2019-12-10T12:20','2019-12-11T05:20',1020,1987,1000,'F9750','SR-71 Blackbird',182,22,4),('JetBlue Airways','2019-10-19T22:39','2019-10-21T16:39',2520,3106,500,'B6286','E-190',527,24,16),('SAS','2019-08-02T03:03','2019-08-03T06:04',1621,7148,1000,'SA230','A380',399,22,19),('WOW Air','2019-03-17T18:56','2019-03-18T11:53',1017,6440,500,'WA249','A320',530,8,15),('Finnair','2019-11-11T16:21','2019-11-11T22:21',360,2240,300,'FA109','Boeing 747',314,27,20),('Air Canada','2019-05-23T14:39','2019-05-23T19:31',292,1055,500,'AC701','A380',133,23,28),('Lufthansa','2019-06-28T03:20','2019-06-28T18:25',905,8009,200,'LH571','Millennium Falcon',427,28,3),('Delta Air Lines','2019-03-16T05:40','2019-03-16T12:45',425,7713,500,'DL757','A330',368,6,21),('Finnair','2019-06-18T17:22','2019-06-18T22:53',331,5669,300,'FA843','A318',78,4,17),('Finnair','2019-02-22T22:24','2019-02-24T12:50',2306,2418,500,'FA896','CRJ705',173,16,15),('SAS','2019-07-17T16:34','2019-07-17T20:06',212,2444,500,'SA422','CRJ705',161,15,4),('American Airlines','2019-10-05T00:52','2019-10-05T04:29',217,3292,300,'AA904','A320',561,2,14),('JetBlue Airways','2019-07-13T03:52','2019-07-13T06:33',161,9169,1000,'B6289','A330',169,8,3),('Lufthansa','2019-08-10T23:11','2019-08-12T18:28',2597,7254,500,'LH631','Boeing 767',240,26,4),('Alaska Airlines','2019-04-18T22:20','2019-04-20T19:57',2737,6268,300,'AS800','A300',511,20,2),('Alaska Airlines','2019-11-07T13:19','2019-11-07T20:07',408,4026,300,'AS841','CRJ900',164,26,8),('Finnair','2019-05-07T19:11','2019-05-07T22:40',209,8420,300,'FA991','Boeing 737',582,28,8),('Finnair','2019-04-12T04:54','2019-04-13T05:56',1502,8120,1000,'FA967','A380',529,18,28),('Air Canada','2019-03-08T15:25','2019-03-08T22:25',420,4192,300,'AC974','CRJ700',187,25,18),('American Airlines','2019-03-17T13:09','2019-03-18T12:12',1383,4898,200,'AA173','A319',131,22,24),('British Airways','2019-10-13T21:40','2019-10-14T10:12',752,2650,1000,'BA146','Boeing 767',138,23,12),('SAS','2019-05-27T07:05','2019-05-27T12:03',298,8671,1000,'SA298','Boeing 767',224,11,29),('Alaska Airlines','2019-08-30T04:08','2019-08-30T17:57',829,7472,500,'AS801','CRJ900',523,11,27),('Alaska Airlines','2019-08-19T10:51','2019-08-20T23:54',2223,4950,500,'AS674','A300',573,12,13),('Finnair','2019-06-16T21:56','2019-06-17T20:07',1331,7196,500,'FA725','A310',382,16,10),('British Airways','2019-06-09T12:28','2019-06-10T19:34',1866,5139,300,'BA982','Boeing 767',456,18,9),('Alaska Airlines','2019-07-19T22:52','2019-07-21T11:33',2201,7645,300,'AS110','CRJ900',377,5,19),('Alaska Airlines','2019-08-16T02:46','2019-08-16T15:28',762,7692,200,'AS942','CRJ900',482,9,27),('Frontier Airlines','2019-08-15T08:22','2019-08-15T15:22',420,2119,500,'F9438','CRJ1000',484,6,24),('JetBlue Airways','2019-08-04T18:46','2019-08-05T03:53',547,6884,300,'B6734','Boeing 747',350,22,16),('Alaska Airlines','2019-05-18T12:26','2019-05-18T17:40',314,8300,500,'AS522','E-190',321,4,11),('SAS','2019-03-12T03:24','2019-03-13T17:26',2282,9740,500,'SA594','A350',96,28,3),('British Airways','2019-04-18T21:09','2019-04-18T23:31',142,9775,200,'BA923','A330',566,4,13),('American Airlines','2019-01-21T03:45','2019-01-22T01:58',1333,2511,300,'AA777','A350',452,16,9),('Alaska Airlines','2019-05-26T21:42','2019-05-27T20:06',1344,5781,1000,'AS942','A380',204,26,27),('Alaska Airlines','2019-12-19T22:37','2019-12-21T06:56',1939,4373,500,'AS763','CRJ900',56,8,26),('Air Canada','2019-12-25T09:10','2019-12-25T14:41',331,4386,500,'AC593','A350',374,4,8),('Finnair','2019-11-14T03:41','2019-11-15T18:55',2354,7723,500,'FA702','Boeing 787',166,27,2),('Finnair','2019-10-17T18:55','2019-10-17T22:55',240,8011,500,'FA353','A319',410,8,29),('American Airlines','2019-07-03T00:13','2019-07-03T20:20',1207,9023,500,'AA157','CRJ700',476,23,10),('Delta Air Lines','2019-04-23T17:27','2019-04-23T23:40',373,7836,1000,'DL931','Boeing 737',230,7,2),('SAS','2019-08-12T01:15','2019-08-12T15:04',829,4178,500,'SA428','CRJ705',228,3,13),('British Airways','2019-12-30T08:56','2019-12-31T14:12',1756,4361,200,'BA123','SR-71 Blackbird',542,13,14),('American Airlines','2019-05-25T23:23','2019-05-27T20:21',2698,4007,1000,'AA102','A320',176,14,13),('Delta Air Lines','2019-12-11T01:04','2019-12-11T18:00',1016,580,500,'DL766','A319',542,11,10),('Air Canada','2019-09-08T09:44','2019-09-09T16:39',1855,3967,500,'AC952','Boeing 737',356,11,15),('Delta Air Lines','2019-02-15T05:34','2019-02-16T05:13',1419,7347,500,'DL863','E-170',236,12,7),('JetBlue Airways','2019-12-10T20:27','2019-12-11T18:06',1299,8559,1000,'B6240','Boeing 767',370,6,27),('Air Canada','2019-07-21T11:25','2019-07-22T23:59',2194,4139,200,'AC104','Boeing 767',302,24,10),('SAS','2019-05-13T09:30','2019-05-14T18:26',1976,3299,200,'SA210','CRJ705',150,30,28),('SAS','2019-06-28T06:25','2019-06-28T11:51',326,2319,200,'SA134','A330',425,6,20),('Frontier Airlines','2019-02-07T04:34','2019-02-07T15:47',673,794,1000,'F9375','A300',260,12,25),('Air Canada','2019-09-21T20:10','2019-09-21T23:05',175,8443,200,'AC420','Boeing 737',311,27,9),('British Airways','2019-04-20T06:55','2019-04-21T18:29',2134,3652,300,'BA454','Boeing 787',92,24,25),('American Airlines','2019-10-27T07:10','2019-10-27T15:38',508,6438,300,'AA722','A310',91,24,6),('SAS','2019-05-01T00:35','2019-05-02T20:09',2614,8164,200,'SA592','Boeing 777',125,7,3),('Finnair','2019-07-04T16:38','2019-07-04T23:25',407,697,500,'FA215','A220',145,20,16),('WOW Air','2019-03-19T16:39','2019-03-20T10:01',1042,7983,500,'WA326','CRJ1000',182,29,23),('Frontier Airlines','2019-07-13T10:13','2019-07-13T18:24',491,8343,300,'F9117','A318',598,3,12),('Norwegian','2019-08-26T03:56','2019-08-27T00:06',1210,2975,200,'NW247','A350',183,13,20),('JetBlue Airways','2019-11-14T21:37','2019-11-14T23:02',85,2886,1000,'B6229','E-175',115,11,9),('JetBlue Airways','2019-10-05T01:03','2019-10-05T12:38',695,5614,500,'B6825','A350',531,2,6),('WOW Air','2019-06-10T18:35','2019-06-10T22:30',235,7467,500,'WA813','Boeing 787',120,30,7),('Alaska Airlines','2019-07-17T19:05','2019-07-18T04:37',572,7237,300,'AS718','A380',521,4,1),('British Airways','2019-07-03T12:57','2019-07-04T04:45',948,511,1000,'BA282','CRJ900',249,2,23),('Delta Air Lines','2019-07-12T07:02','2019-07-13T18:26',2124,4821,200,'DL560','E-195',482,23,2),('Finnair','2019-12-30T06:53','2019-12-31T11:23',1710,9088,1000,'FA544','A300',548,28,21),('WOW Air','2019-08-17T18:39','2019-08-18T17:19',1360,1580,500,'WA504','A330',57,21,16),('Air Canada','2019-05-19T03:55','2019-05-19T07:04',189,9065,1000,'AC107','E-170',275,21,5),('Delta Air Lines','2019-06-16T21:51','2019-06-17T21:40',1429,3738,200,'DL828','A310',532,17,3),('Delta Air Lines','2019-08-21T20:14','2019-08-22T01:30',316,861,300,'DL390','E-190',360,16,15),('American Airlines','2019-11-27T10:23','2019-11-28T02:51',988,8450,500,'AA755','A318',473,10,18),('Finnair','2019-11-24T12:29','2019-11-24T15:13',164,3127,500,'FA933','Boeing 787',498,3,11),('British Airways','2019-05-28T05:30','2019-05-29T20:10',2320,1489,300,'BA766','A220',525,2,20),('Lufthansa','2019-09-11T16:50','2019-09-11T21:40',290,7201,500,'LH215','A220',540,12,26),('Delta Air Lines','2019-06-29T18:10','2019-06-29T23:36',326,9885,300,'DL715','A310',221,28,14),('SAS','2019-04-02T13:49','2019-04-02T17:36',227,1208,500,'SA193','E-190',508,7,12),('JetBlue Airways','2019-09-20T07:34','2019-09-21T07:14',1420,6139,300,'B6169','Boeing 787',444,18,9),('British Airways','2019-07-30T13:58','2019-07-31T14:48',1490,3632,500,'BA976','A340',220,12,30),('Lufthansa','2019-04-24T13:02','2019-04-25T21:57',1975,599,500,'LH902','Boeing 787',540,3,23),('British Airways','2019-07-20T12:32','2019-07-20T19:30',418,3874,1000,'BA412','CRJ705',109,3,9),('Finnair','2019-05-07T07:01','2019-05-08T11:01',1680,9237,200,'FA376','Boeing 777',581,23,10),('Finnair','2019-08-04T22:45','2019-08-06T19:35',2690,8106,500,'FA886','A320',516,28,19),('American Airlines','2019-10-29T14:54','2019-10-29T21:55',421,5959,200,'AA497','A300',135,23,20),('SAS','2019-08-05T09:34','2019-08-06T18:27',1973,6210,1000,'SA237','A321',211,24,26),('British Airways','2019-07-26T12:24','2019-07-27T12:32',1448,9811,500,'BA855','E-190',337,25,16),('British Airways','2019-07-22T18:48','2019-07-23T02:52',484,8731,1000,'BA667','CRJ705',440,24,3),('British Airways','2019-09-03T12:35','2019-09-04T19:03',1828,1742,300,'BA724','A319',283,11,5),('SAS','2019-06-14T01:43','2019-06-14T22:55',1272,3615,500,'SA576','CRJ700',250,2,11),('British Airways','2019-08-01T15:43','2019-08-01T19:06',203,2486,300,'BA884','A350',261,6,7),('British Airways','2019-04-24T01:17','2019-04-24T05:38',261,2629,200,'BA487','A340',407,14,2),('British Airways','2019-04-08T22:31','2019-04-10T12:00',2249,7279,300,'BA508','CRJ900',242,24,9),('Frontier Airlines','2019-12-23T14:26','2019-12-24T09:18',1132,2232,300,'F9943','A330',235,15,1),('Finnair','2019-08-23T04:47','2019-08-23T22:17',1050,7427,500,'FA540','Boeing 787',531,19,2),('Lufthansa','2019-08-14T18:48','2019-08-15T18:46',1438,1813,200,'LH820','A340',409,27,9),('Frontier Airlines','2019-12-03T10:35','2019-12-03T21:46',671,4559,500,'F9629','Millennium Falcon',413,7,25),('Norwegian','2019-06-01T19:32','2019-06-02T02:01',389,1121,200,'NW727','Millennium Falcon',346,26,4),('Lufthansa','2019-04-28T16:39','2019-04-29T10:11',1052,7474,300,'LH172','A319',407,29,26),('Delta Air Lines','2019-12-16T05:27','2019-12-17T20:00',2313,6474,500,'DL562','A320',408,14,17),('Alaska Airlines','2019-06-09T08:35','2019-06-10T09:13',1478,5886,200,'AS953','A310',188,19,20),('Alaska Airlines','2019-11-04T17:33','2019-11-05T11:53',1100,9974,500,'AS456','A321',321,25,15),('British Airways','2019-11-02T19:15','2019-11-03T16:49',1294,7732,1000,'BA853','CRJ1000',491,28,1),('Finnair','2019-08-27T16:32','2019-08-28T12:01',1169,5639,1000,'FA454','A310',570,19,22),('Norwegian','2019-07-04T20:40','2019-07-05T03:41',421,7803,500,'NW864','A350',199,29,27),('Alaska Airlines','2019-08-11T05:11','2019-08-12T06:13',1502,7376,1000,'AS585','A320',181,17,2),('Alaska Airlines','2019-07-16T14:03','2019-07-16T20:30',387,6268,300,'AS537','Boeing 737',323,23,7),('British Airways','2019-07-20T05:37','2019-07-20T08:02',145,9887,1000,'BA895','A318',525,26,7),('Finnair','2019-09-18T18:35','2019-09-18T22:34',239,2845,300,'FA491','Boeing 747',410,21,28),('SAS','2019-05-02T22:47','2019-05-04T19:34',2687,3693,500,'SA183','A350',198,24,23),('British Airways','2019-02-14T02:42','2019-02-14T12:46',604,8728,1000,'BA828','E-170',507,21,18),('British Airways','2019-11-08T01:53','2019-11-09T01:18',1405,2095,1000,'BA288','E-195',193,30,16),('British Airways','2019-07-24T19:23','2019-07-24T23:36',253,9611,200,'BA711','Boeing 747',578,21,10),('SAS','2019-10-28T16:14','2019-10-28T21:51',337,8945,500,'SA414','Millennium Falcon',530,22,30),('Alaska Airlines','2019-02-18T11:21','2019-02-18T14:53',212,1420,500,'AS811','Boeing 787',498,8,19),('WOW Air','2019-08-24T11:09','2019-08-24T16:10',301,9688,1000,'WA613','E-195',396,11,8),('Delta Air Lines','2019-11-17T07:45','2019-11-17T13:57',372,5269,300,'DL791','Boeing 737',489,8,14),('Lufthansa','2019-07-10T22:07','2019-07-12T08:40',2073,2305,300,'LH520','Boeing 767',107,18,23),('Delta Air Lines','2019-03-26T23:36','2019-03-28T11:57',2181,8208,500,'DL757','A220',592,20,24),('SAS','2019-08-09T02:13','2019-08-09T21:52',1179,9637,500,'SA597','A320',166,11,12),('Alaska Airlines','2019-06-04T13:46','2019-06-04T22:17',511,7472,500,'AS423','A300',406,28,6),('Lufthansa','2019-01-21T20:56','2019-01-21T23:22',146,5474,300,'LH709','E-175',64,20,19),('American Airlines','2019-09-06T03:12','2019-09-06T15:38',746,1926,300,'AA742','SR-71 Blackbird',530,25,18),('Air Canada','2019-02-24T19:46','2019-02-25T20:10',1464,8221,200,'AC390','E-195',247,12,18),('SAS','2019-08-04T02:24','2019-08-04T20:01',1057,535,300,'SA596','A340',582,27,19),('Finnair','2019-03-17T20:53','2019-03-17T23:28',155,2160,500,'FA249','CRJ705',282,11,1),('Frontier Airlines','2019-11-29T03:55','2019-11-30T01:52',1317,2681,300,'F9468','A380',574,9,20),('WOW Air','2019-11-29T23:58','2019-11-31T18:21',2543,1638,500,'WA559','A380',457,21,14),('Norwegian','2019-11-17T12:08','2019-11-17T16:42',274,5464,1000,'NW405','CRJ700',310,26,22),('Norwegian','2019-10-28T09:17','2019-10-29T04:16',1139,5332,300,'NW911','CRJ1000',103,3,14),('Lufthansa','2019-11-19T08:43','2019-11-20T17:40',1977,8657,200,'LH505','A340',119,15,19),('Delta Air Lines','2019-06-14T17:09','2019-06-15T03:55',646,9036,300,'DL746','A320',321,5,16),('American Airlines','2019-12-17T05:47','2019-12-17T21:12',925,4580,300,'AA107','Boeing 777',220,26,18),('Finnair','2019-05-06T09:33','2019-05-07T03:43',1090,2727,500,'FA753','A310',375,24,16),('British Airways','2019-02-14T12:57','2019-02-14T23:09',612,7721,500,'BA974','Boeing 777',596,7,14),('Lufthansa','2019-09-08T21:16','2019-09-08T23:43',147,8395,500,'LH204','A320',197,13,24),('Delta Air Lines','2019-06-15T23:12','2019-06-17T05:35',1823,6644,500,'DL864','A321',207,22,12),('SAS','2019-01-17T04:04','2019-01-17T19:45',941,8236,1000,'SA769','A310',162,20,26),('Alaska Airlines','2019-07-15T00:50','2019-07-16T20:27',2617,8040,300,'AS376','A380',73,30,18),('SAS','2019-06-11T05:38','2019-06-11T08:05',147,4716,500,'SA297','E-195',314,9,24),('Lufthansa','2019-06-11T08:23','2019-06-11T17:34',551,8793,500,'LH144','A321',438,23,11),('British Airways','2019-05-20T21:07','2019-05-21T08:17',670,4289,300,'BA811','E-175',208,29,11),('Lufthansa','2019-09-28T14:08','2019-09-29T06:54',1006,574,300,'LH277','A220',181,2,4),('Finnair','2019-12-21T12:28','2019-12-21T17:04',276,2625,1000,'FA974','E-170',492,7,4),('JetBlue Airways','2019-06-14T00:15','2019-06-15T19:51',2616,5707,200,'B6874','A310',165,8,16),('Air Canada','2019-05-05T22:54','2019-05-07T23:40',2926,1067,200,'AC849','E-195',160,25,5),('Norwegian','2019-10-18T08:30','2019-10-18T14:00',330,8871,500,'NW484','Boeing 777',255,5,28),('American Airlines','2019-07-26T04:03','2019-07-27T02:36',1353,1483,500,'AA850','E-190',377,29,10),('Air Canada','2019-10-17T11:16','2019-10-18T22:21',2105,8015,200,'AC130','SR-71 Blackbird',256,28,15),('JetBlue Airways','2019-01-06T09:13','2019-01-06T22:38',805,5857,300,'B6808','A220',482,15,9),('Norwegian','2019-09-22T14:42','2019-09-22T21:15',393,5462,500,'NW279','A310',187,1,15),('Lufthansa','2019-11-25T20:18','2019-11-25T23:54',216,4432,1000,'LH862','CRJ900',84,4,6),('Frontier Airlines','2019-09-01T22:48','2019-09-03T12:17',2249,9534,300,'F9861','Boeing 767',227,29,9),('SAS','2019-01-29T22:41','2019-01-31T13:13',2312,4855,200,'SA910','A330',386,15,27),('Lufthansa','2019-12-06T21:18','2019-12-07T03:46',388,7746,200,'LH802','CRJ1000',459,24,20),('Air Canada','2019-05-16T14:38','2019-05-16T22:36',478,849,500,'AC443','E-170',194,24,14),('Air Canada','2019-04-21T03:09','2019-04-21T14:49',700,897,500,'AC170','CRJ1000',580,21,9),('Delta Air Lines','2019-11-22T15:41','2019-11-23T15:15',1414,7106,300,'DL518','A310',595,15,18),('Delta Air Lines','2019-06-27T01:21','2019-06-28T22:01',2680,5537,500,'DL791','A350',553,23,25),('Delta Air Lines','2019-05-07T21:43','2019-05-07T23:24',101,3614,300,'DL798','E-175',127,10,26),('Frontier Airlines','2019-07-04T22:54','2019-07-06T09:29',2075,5208,1000,'F9681','Boeing 787',513,6,5),('SAS','2019-06-23T22:37','2019-06-25T06:02',1885,4198,300,'SA671','A220',53,28,17),('WOW Air','2019-01-09T17:51','2019-01-10T14:11',1220,4092,500,'WA540','CRJ900',112,12,25),('JetBlue Airways','2019-02-16T22:06','2019-02-18T20:32',2786,4989,300,'B6624','E-190',70,22,18),('British Airways','2019-07-06T21:21','2019-07-06T24:53',212,6339,300,'BA187','A330',269,20,3),('Alaska Airlines','2019-07-28T15:20','2019-07-28T23:41',501,652,200,'AS717','Boeing 747',406,13,17),('Delta Air Lines','2019-10-18T19:48','2019-10-18T22:41',173,1547,200,'DL583','CRJ1000',231,17,11),('Finnair','2019-05-04T04:42','2019-05-05T05:16',1474,543,300,'FA970','A310',72,13,18),('Alaska Airlines','2019-11-01T04:13','2019-11-02T14:14',2041,9979,1000,'AS754','Boeing 767',189,27,9),('British Airways','2019-12-07T11:30','2019-12-08T11:39',1449,4912,1000,'BA825','CRJ900',188,8,28),('Frontier Airlines','2019-03-08T13:26','2019-03-08T22:40',554,4704,300,'F9437','E-190',397,19,16),('Alaska Airlines','2019-06-25T11:45','2019-06-25T23:53',728,3681,500,'AS438','A220',240,22,27),('Air Canada','2019-09-25T21:47','2019-09-26T22:14',1467,4575,300,'AC701','A319',241,19,20),('SAS','2019-04-04T21:32','2019-04-05T05:34',482,9866,200,'SA978','Boeing 787',173,20,28),('Lufthansa','2019-09-04T05:27','2019-09-04T19:14',827,1320,500,'LH884','E-170',220,14,19),('Norwegian','2019-05-23T08:56','2019-05-23T12:55',239,4473,500,'NW687','A350',313,25,19),('JetBlue Airways','2019-10-26T04:25','2019-10-26T15:15',650,859,200,'B6208','E-170',149,29,17),('Air Canada','2019-03-02T04:08','2019-03-02T10:28',380,2907,300,'AC440','Boeing 747',139,13,14),('Air Canada','2019-04-13T23:09','2019-04-15T17:48',2559,9408,300,'AC879','CRJ700',436,16,2),('Air Canada','2019-01-23T09:19','2019-01-23T22:28',789,4917,300,'AC935','Boeing 777',478,19,15),('Frontier Airlines','2019-05-12T23:45','2019-05-14T17:34',2509,9264,500,'F9612','Boeing 787',290,17,19),('Norwegian','2019-07-09T22:48','2019-07-11T07:30',1962,7275,200,'NW942','Boeing 777',190,3,24),('Delta Air Lines','2019-03-25T21:58','2019-03-25T24:22',144,5622,500,'DL933','CRJ900',245,10,26),('British Airways','2019-01-21T10:48','2019-01-21T16:51',363,624,200,'BA790','A318',70,8,9),('JetBlue Airways','2019-07-03T02:33','2019-07-04T11:30',1977,5010,500,'B6832','A330',381,15,9),('American Airlines','2019-11-06T14:35','2019-11-07T11:31',1256,6700,200,'AA392','Boeing 787',73,20,30),('American Airlines','2019-07-17T03:24','2019-07-17T09:52',388,5841,500,'AA306','A321',179,5,10),('Air Canada','2019-09-14T09:12','2019-09-15T21:58',2206,3270,1000,'AC992','A380',535,17,13),('British Airways','2019-05-08T12:01','2019-05-09T06:17',1096,3660,300,'BA946','A320',405,18,2),('Lufthansa','2019-05-25T13:30','2019-05-25T23:43',613,1631,300,'LH581','A330',556,12,5),('Lufthansa','2019-03-05T17:35','2019-03-05T21:40',245,5492,500,'LH539','Boeing 777',559,2,8),('Air Canada','2019-07-19T05:59','2019-07-19T17:50',711,8641,500,'AC213','Boeing 777',305,16,2),('Frontier Airlines','2019-10-08T20:50','2019-10-09T18:46',1316,9761,1000,'F9916','A319',168,4,24),('JetBlue Airways','2019-01-04T19:56','2019-01-05T12:10',974,3010,500,'B6522','SR-71 Blackbird',447,25,8),('Frontier Airlines','2019-08-29T14:44','2019-08-30T20:04',1760,1221,1000,'F9882','A319',445,30,26),('SAS','2019-08-25T18:06','2019-08-26T20:51',1605,9839,500,'SA962','E-170',201,6,24),('JetBlue Airways','2019-01-01T02:57','2019-01-02T06:23',1646,1308,300,'B6460','Boeing 767',366,7,18),('Delta Air Lines','2019-11-06T06:12','2019-11-07T17:51',2139,4264,1000,'DL766','Boeing 747',272,2,14),('British Airways','2019-03-17T05:52','2019-03-17T21:04',912,1676,500,'BA992','A318',62,24,3),('SAS','2019-09-04T00:40','2019-09-04T21:09',1229,7294,300,'SA679','A318',65,13,16),('Norwegian','2019-08-15T22:43','2019-08-17T08:50',2047,6995,500,'NW592','A321',318,19,5),('Air Canada','2019-07-05T11:13','2019-07-06T12:27',1514,6208,300,'AC886','A220',369,11,26),('Air Canada','2019-07-17T12:55','2019-07-17T20:37',462,6854,1000,'AC697','E-195',265,26,7),('Alaska Airlines','2019-07-24T02:31','2019-07-24T11:50',559,7951,200,'AS489','Boeing 787',307,28,16),('Norwegian','2019-07-14T08:41','2019-07-15T20:57',2176,8589,300,'NW922','Boeing 777',485,8,17),('Delta Air Lines','2019-02-19T14:28','2019-02-19T18:37',249,2977,200,'DL743','CRJ1000',151,28,23),('Delta Air Lines','2019-11-11T06:57','2019-11-11T11:48',291,2566,500,'DL286','A300',464,4,2),('Air Canada','2019-01-05T16:16','2019-01-05T20:51',275,919,1000,'AC685','E-190',182,9,29),('Alaska Airlines','2019-01-13T05:43','2019-01-13T19:03',800,8308,300,'AS774','A321',538,2,13),('American Airlines','2019-07-26T08:46','2019-07-27T21:08',2182,3353,500,'AA293','A321',488,18,13),('Air Canada','2019-03-15T18:21','2019-03-16T22:12',1671,3950,500,'AC449','E-190',354,5,11),('Finnair','2019-05-14T17:30','2019-05-15T15:43',1333,9537,200,'FA587','CRJ705',126,4,28),('American Airlines','2019-10-19T21:10','2019-10-20T00:47',217,8300,500,'AA329','A350',118,9,5),('JetBlue Airways','2019-07-17T16:57','2019-07-18T10:07',1030,7281,500,'B6301','A318',516,3,26),('Frontier Airlines','2019-07-19T22:25','2019-07-21T07:24',1979,7586,300,'F9284','Boeing 767',363,28,3),('SAS','2019-04-29T09:57','2019-04-30T20:16',2059,4493,500,'SA638','A220',112,18,7),('WOW Air','2019-03-03T15:18','2019-03-03T22:43',445,7451,500,'WA560','Boeing 737',67,6,21),('American Airlines','2019-09-17T18:06','2019-09-17T22:15',249,3533,300,'AA857','A319',313,11,6),('JetBlue Airways','2019-06-20T22:37','2019-06-22T13:17',2320,2686,300,'B6203','Boeing 787',264,26,29),('American Airlines','2019-11-02T23:53','2019-11-04T09:06',1993,1338,300,'AA259','SR-71 Blackbird',538,14,23),('SAS','2019-03-28T20:19','2019-03-29T15:04',1125,7900,500,'SA229','A350',392,16,18),('British Airways','2019-05-03T09:19','2019-05-03T23:21',842,4092,200,'BA293','Boeing 747',581,7,1),('SAS','2019-09-26T04:45','2019-09-27T01:04',1219,3064,500,'SA140','A380',571,21,10),('SAS','2019-07-11T09:48','2019-07-12T02:02',974,4081,500,'SA595','A321',154,29,12),('JetBlue Airways','2019-01-18T11:11','2019-01-18T15:57',286,1265,500,'B6508','A318',330,25,23),('Finnair','2019-04-08T02:12','2019-04-09T03:41',1529,2394,200,'FA641','A318',60,21,4),('Delta Air Lines','2019-10-10T20:17','2019-10-11T02:53',396,1475,300,'DL767','E-175',246,22,14),('American Airlines','2019-06-27T08:33','2019-06-27T23:26',893,9561,1000,'AA595','A321',373,18,16),('Air Canada','2019-07-02T09:57','2019-07-02T16:05',368,4299,500,'AC105','A340',534,27,24),('Air Canada','2019-07-28T08:26','2019-07-29T10:33',1567,6495,300,'AC182','E-175',563,1,22),('Delta Air Lines','2019-03-11T04:39','2019-03-12T05:35',1496,8311,300,'DL180','E-190',136,6,7),('Delta Air Lines','2019-04-20T08:02','2019-04-20T20:22',740,6700,300,'DL504','A300',548,17,7),('Delta Air Lines','2019-08-18T13:26','2019-08-19T04:17',891,3093,500,'DL155','Boeing 737',261,2,21),('Air Canada','2019-09-14T14:55','2019-09-14T23:55',540,6345,1000,'AC451','Boeing 777',166,7,9),('Delta Air Lines','2019-06-19T20:21','2019-06-20T07:26',665,3471,500,'DL290','CRJ700',394,20,26),('Lufthansa','2019-08-15T18:07','2019-08-16T17:11',1384,6211,500,'LH102','A320',125,19,8),('Finnair','2019-04-16T18:15','2019-04-16T22:03',228,7976,300,'FA158','CRJ700',166,15,20),('Norwegian','2019-04-22T06:19','2019-04-23T05:04',1365,1716,300,'NW275','CRJ700',339,10,9),('Finnair','2019-05-02T05:42','2019-05-03T15:11',2009,6157,1000,'FA342','A310',546,21,17),('Alaska Airlines','2019-05-02T20:05','2019-05-03T18:23',1338,9973,200,'AS149','A380',233,22,29),('Alaska Airlines','2019-09-20T18:50','2019-09-20T21:28',158,8097,200,'AS834','SR-71 Blackbird',498,9,14),('Alaska Airlines','2019-10-09T12:41','2019-10-09T15:38',177,9027,300,'AS821','Boeing 737',249,18,7),('Norwegian','2019-10-27T12:47','2019-10-28T13:54',1507,6647,500,'NW667','A380',132,9,21),('British Airways','2019-05-25T08:40','2019-05-26T07:31',1371,7717,500,'BA893','CRJ700',492,27,8),('Norwegian','2019-07-03T05:05','2019-07-04T20:43',2378,9248,500,'NW150','A220',510,12,2),('JetBlue Airways','2019-07-10T21:34','2019-07-11T11:35',841,4502,500,'B6427','A350',239,22,15),('Air Canada','2019-05-03T13:29','2019-05-03T17:50',261,4756,300,'AC426','Millennium Falcon',287,21,11),('Norwegian','2019-09-11T05:37','2019-09-12T23:35',2518,5500,300,'NW548','E-170',345,16,21),('Finnair','2019-05-14T11:36','2019-05-14T22:19',643,870,300,'FA350','E-170',107,11,9),('British Airways','2019-03-08T22:25','2019-03-10T10:45',2180,7863,500,'BA275','SR-71 Blackbird',174,17,14),('Delta Air Lines','2019-07-17T19:03','2019-07-18T15:00',1197,7390,200,'DL126','Boeing 737',511,12,5),('Norwegian','2019-04-05T22:43','2019-04-07T10:48',2165,1321,500,'NW863','CRJ1000',194,24,10),('Delta Air Lines','2019-09-25T17:14','2019-09-25T21:08',234,7741,200,'DL826','A300',224,19,22),('Alaska Airlines','2019-11-28T19:49','2019-11-28T23:49',240,2500,200,'AS107','SR-71 Blackbird',394,6,10),('SAS','2019-02-07T05:34','2019-02-08T01:35',1201,9974,300,'SA944','E-190',204,29,22),('Lufthansa','2019-02-29T04:32','2019-02-30T00:17',1185,9147,500,'LH578','CRJ900',435,5,21),('British Airways','2019-06-13T01:55','2019-06-14T12:30',2075,1181,300,'BA409','A220',305,15,26),('Frontier Airlines','2019-04-21T21:03','2019-04-21T24:35',212,2518,300,'F9577','A321',322,29,23),('JetBlue Airways','2019-09-25T08:35','2019-09-26T08:28',1433,8606,1000,'B6703','CRJ700',496,18,21),('SAS','2019-02-15T20:27','2019-02-15T23:49',202,6277,200,'SA687','SR-71 Blackbird',296,17,15),('Lufthansa','2019-02-03T11:38','2019-02-04T11:44',1446,4619,200,'LH767','A300',491,20,24),('Delta Air Lines','2019-04-17T05:17','2019-04-18T06:47',1530,6491,500,'DL929','Boeing 777',369,26,29),('American Airlines','2019-08-18T10:17','2019-08-18T15:53',336,1681,500,'AA534','Boeing 747',499,28,2),('British Airways','2019-04-16T19:48','2019-04-17T10:49',901,7665,1000,'BA357','CRJ705',213,20,25),('Alaska Airlines','2019-02-19T08:12','2019-02-20T18:42',2070,9496,300,'AS861','A300',304,4,12),('Alaska Airlines','2019-11-09T10:26','2019-11-09T20:34',608,5358,200,'AS312','Boeing 747',85,2,11),('Lufthansa','2019-06-04T21:26','2019-06-05T04:12',406,9833,300,'LH965','A380',480,22,9),('JetBlue Airways','2019-05-28T04:10','2019-05-28T16:04',714,8301,500,'B6516','Boeing 767',476,26,11),('Delta Air Lines','2019-05-05T11:47','2019-05-06T03:25',938,6718,200,'DL567','SR-71 Blackbird',291,6,16),('Air Canada','2019-10-06T11:50','2019-10-07T19:28',1898,7131,300,'AC545','A380',362,18,25),('Alaska Airlines','2019-02-14T05:13','2019-02-14T17:57',764,806,500,'AS313','A320',255,2,4),('JetBlue Airways','2019-04-12T12:38','2019-04-12T22:57',619,7622,300,'B6917','A321',70,11,20),('Finnair','2019-04-05T12:33','2019-04-05T15:34',181,3061,200,'FA582','Boeing 787',393,12,23),('Frontier Airlines','2019-03-10T18:15','2019-03-10T22:09',234,9591,300,'F9681','A320',301,22,1),('Air Canada','2019-05-10T22:55','2019-05-12T18:25',2610,7583,500,'AC863','A220',148,2,27),('British Airways','2019-01-21T21:22','2019-01-22T16:37',1155,1596,300,'BA337','E-190',455,8,16),('WOW Air','2019-02-25T17:52','2019-02-26T05:54',722,4665,500,'WA269','A321',598,12,19),('Finnair','2019-05-22T03:42','2019-05-23T04:55',1513,5420,300,'FA257','Millennium Falcon',502,21,8),('British Airways','2019-11-01T02:35','2019-11-02T04:06',1531,3614,200,'BA570','E-170',560,25,6),('Norwegian','2019-03-07T14:49','2019-03-08T01:44',655,5685,500,'NW948','Boeing 787',264,5,8),('Alaska Airlines','2019-07-21T05:49','2019-07-21T16:14',625,2901,300,'AS445','E-175',298,14,20),('JetBlue Airways','2019-01-20T12:24','2019-01-20T20:02',458,2878,500,'B6907','A321',478,11,15),('British Airways','2019-04-16T02:50','2019-04-17T17:39',2329,2277,1000,'BA975','A330',249,6,18),('Finnair','2019-10-16T21:28','2019-10-16T23:28',120,6922,200,'FA672','A220',237,17,27),('Alaska Airlines','2019-06-20T05:47','2019-06-21T08:39',1612,8803,1000,'AS482','CRJ900',346,9,11),('Norwegian','2019-06-25T11:52','2019-06-26T14:52',1620,8796,200,'NW904','E-175',584,21,12),('Air Canada','2019-08-19T20:25','2019-08-19T23:00',155,6138,1000,'AC870','SR-71 Blackbird',585,8,17),('Finnair','2019-10-06T15:10','2019-10-06T19:19',249,7852,300,'FA349','A320',338,28,6),('American Airlines','2019-09-09T19:47','2019-09-10T18:53',1386,8279,300,'AA438','A300',574,4,26),('Delta Air Lines','2019-09-07T16:14','2019-09-07T20:57',283,6403,1000,'DL349','E-175',513,10,3),('American Airlines','2019-08-18T21:05','2019-08-18T23:44',159,1139,200,'AA907','Boeing 747',521,10,15),('SAS','2019-09-10T18:47','2019-09-10T22:35',228,2128,300,'SA415','A310',209,14,5),('Lufthansa','2019-04-04T03:50','2019-04-04T10:54',424,2557,500,'LH173','Boeing 767',580,19,25),('JetBlue Airways','2019-05-06T22:16','2019-05-08T13:11',2335,4039,300,'B6790','A320',130,25,16),('Delta Air Lines','2019-11-05T09:43','2019-11-06T14:23',1720,9973,200,'DL426','A300',319,8,17),('Alaska Airlines','2019-01-10T20:37','2019-01-10T23:47',190,9084,1000,'AS902','A350',235,1,8),('Frontier Airlines','2019-06-25T23:23','2019-06-27T15:17',2394,9982,300,'F9615','A310',153,16,8),('British Airways','2019-08-18T02:24','2019-08-19T15:02',2198,4011,500,'BA817','Millennium Falcon',135,9,7),('JetBlue Airways','2019-09-02T05:39','2019-09-03T20:10',2311,1800,500,'B6930','A310',226,15,20),('Delta Air Lines','2019-10-01T19:22','2019-10-02T11:36',974,3690,1000,'DL778','CRJ900',409,29,7),('Finnair','2019-02-25T22:03','2019-02-27T10:35',2192,8934,300,'FA563','A320',168,2,14),('Frontier Airlines','2019-02-13T11:21','2019-02-14T16:34',1753,2265,200,'F9155','E-195',479,20,18),('Norwegian','2019-04-02T10:09','2019-04-02T22:54',765,3789,300,'NW684','Boeing 747',382,3,21),('Lufthansa','2019-04-12T22:07','2019-04-14T18:37',2670,7058,500,'LH125','A310',206,14,15),('Finnair','2019-10-28T12:01','2019-10-29T15:00',1619,4157,300,'FA754','A300',368,19,14),('SAS','2019-11-04T12:10','2019-11-04T16:45',275,4253,300,'SA500','CRJ900',278,26,20),('SAS','2019-11-23T15:16','2019-11-23T21:10',354,2092,300,'SA251','A321',76,22,24),('British Airways','2019-05-04T14:15','2019-05-04T22:45',510,8072,300,'BA837','E-190',155,27,19),('Delta Air Lines','2019-09-18T13:13','2019-09-19T19:39',1826,8448,200,'DL593','A318',423,30,25),('Delta Air Lines','2019-07-02T10:08','2019-07-03T06:06',1198,4350,500,'DL429','Boeing 767',407,29,3),('Alaska Airlines','2019-02-05T19:54','2019-02-06T07:03',669,9964,300,'AS927','E-175',83,24,26),('Air Canada','2019-09-27T06:19','2019-09-27T10:29',250,4506,300,'AC837','CRJ900',379,28,26),('JetBlue Airways','2019-11-06T02:29','2019-11-07T03:03',1474,9040,500,'B6323','A330',464,25,2),('WOW Air','2019-03-21T17:22','2019-03-21T23:03',341,2244,500,'WA820','E-190',169,12,16),('Lufthansa','2019-10-04T17:32','2019-10-04T21:55',263,2439,1000,'LH133','CRJ705',557,12,2),('British Airways','2019-08-17T13:53','2019-08-17T21:28',455,8627,200,'BA113','A318',160,10,17),('WOW Air','2019-01-12T00:21','2019-01-12T15:09',888,6134,500,'WA792','A330',481,16,21),('Finnair','2019-04-10T18:16','2019-04-10T23:41',325,6925,1000,'FA440','Boeing 777',79,9,26),('WOW Air','2019-01-04T06:51','2019-01-05T19:11',2180,5593,300,'WA615','Boeing 747',468,8,28),('Frontier Airlines','2019-06-01T10:13','2019-06-01T18:19',486,6227,200,'F9707','E-175',149,30,9),('Lufthansa','2019-04-07T14:12','2019-04-08T07:11',1019,2619,500,'LH307','Millennium Falcon',449,21,1),('SAS','2019-06-11T05:43','2019-06-11T13:24',461,2549,500,'SA485','E-170',298,7,27),('Lufthansa','2019-03-29T21:08','2019-03-30T09:29',741,1405,1000,'LH959','A330',441,7,3),('SAS','2019-05-16T05:42','2019-05-17T19:48',2286,8789,300,'SA398','CRJ700',381,28,2),('Alaska Airlines','2019-12-07T18:31','2019-12-07T23:56',325,3462,500,'AS967','A320',277,27,10),('British Airways','2019-11-22T21:31','2019-11-22T23:52',141,5753,1000,'BA429','SR-71 Blackbird',533,14,3),('Alaska Airlines','2019-04-16T18:38','2019-04-16T21:37',179,4439,1000,'AS752','E-190',368,22,23),('Air Canada','2019-02-07T15:43','2019-02-07T20:02',259,5454,200,'AC169','Boeing 777',179,5,25),('British Airways','2019-05-15T14:29','2019-05-15T18:29',240,8490,500,'BA431','Boeing 787',582,26,27),('WOW Air','2019-10-24T09:25','2019-10-24T17:22',477,8319,500,'WA482','E-175',485,1,20),('JetBlue Airways','2019-09-13T03:19','2019-09-13T09:49',390,2936,500,'B6353','A350',432,12,9),('Norwegian','2019-09-26T18:16','2019-09-27T23:31',1755,646,500,'NW361','A340',97,2,5),('Air Canada','2019-06-21T07:49','2019-06-22T06:58',1389,6134,1000,'AC626','A321',523,14,21),('American Airlines','2019-10-14T20:51','2019-10-14T23:42',171,9340,300,'AA695','A321',277,21,2),('Delta Air Lines','2019-09-06T08:10','2019-09-06T12:05',235,6581,500,'DL300','A330',132,28,17),('Delta Air Lines','2019-10-15T03:17','2019-10-16T08:59',1782,2019,200,'DL554','CRJ900',568,26,18),('Air Canada','2019-09-18T13:41','2019-09-19T11:07',1286,9744,300,'AC219','Millennium Falcon',220,5,7),('Air Canada','2019-02-22T20:11','2019-02-22T23:25',194,1472,500,'AC219','A320',555,26,25),('Norwegian','2019-05-02T21:33','2019-05-03T11:03',810,7254,200,'NW546','A220',287,21,10),('JetBlue Airways','2019-06-17T03:55','2019-06-18T09:41',1786,8267,300,'B6803','Boeing 747',580,14,8),('Air Canada','2019-04-12T17:29','2019-04-12T22:07',278,9275,500,'AC386','CRJ700',547,3,28),('Norwegian','2019-09-28T14:26','2019-09-28T20:15',349,4236,300,'NW576','A350',529,16,8),('Norwegian','2019-12-11T21:08','2019-12-11T23:42',154,6755,300,'NW715','A340',306,14,23),('British Airways','2019-10-23T20:58','2019-10-24T14:10',1032,3452,300,'BA509','A380',260,8,16),('Delta Air Lines','2019-11-21T13:06','2019-11-22T03:50',884,9740,200,'DL815','A321',181,10,20),('Alaska Airlines','2019-04-24T08:24','2019-04-24T17:01',517,1628,500,'AS845','Boeing 777',516,23,18),('British Airways','2019-02-13T08:39','2019-02-14T04:38',1199,5054,300,'BA994','CRJ900',118,26,10),('Air Canada','2019-01-29T13:52','2019-01-30T20:47',1855,2424,300,'AC495','CRJ700',295,18,22),('Finnair','2019-08-07T22:22','2019-08-09T12:08',2266,824,300,'FA135','A220',561,23,15),('Lufthansa','2019-09-21T12:05','2019-09-22T03:41',936,7622,300,'LH220','A300',360,5,20),('JetBlue Airways','2019-09-28T05:24','2019-09-29T12:52',1888,6248,300,'B6507','A319',84,27,22),('JetBlue Airways','2019-04-21T01:49','2019-04-21T10:28',519,6203,1000,'B6791','CRJ705',240,12,3),('American Airlines','2019-07-20T09:09','2019-07-21T09:58',1489,2437,300,'AA916','CRJ705',411,20,2),('Air Canada','2019-10-14T17:46','2019-10-14T22:22',276,968,300,'AC749','A321',374,11,21),('Alaska Airlines','2019-09-07T19:26','2019-09-07T23:27',241,4522,200,'AS284','A300',430,22,12),('Finnair','2019-06-23T03:46','2019-06-23T21:38',1072,8774,500,'FA329','CRJ900',413,22,18),('Alaska Airlines','2019-02-09T15:41','2019-02-09T20:19',278,5720,1000,'AS274','Boeing 747',417,30,9),('SAS','2019-03-23T19:08','2019-03-23T23:47',279,6738,500,'SA930','Millennium Falcon',503,8,14),('Air Canada','2019-08-22T11:11','2019-08-23T18:16',1865,1658,500,'AC147','Boeing 787',320,22,14),('Frontier Airlines','2019-09-04T08:53','2019-09-05T12:36',1663,4103,300,'F9409','CRJ900',440,19,18),('SAS','2019-08-18T07:21','2019-08-19T16:24',1983,5404,300,'SA629','A310',304,21,4),('SAS','2019-08-12T22:13','2019-08-14T10:36',2183,9107,500,'SA458','Boeing 737',351,28,7),('Norwegian','2019-07-16T16:22','2019-07-16T22:22',360,9032,200,'NW721','SR-71 Blackbird',185,15,6),('Alaska Airlines','2019-01-07T16:59','2019-01-07T20:02',183,901,200,'AS396','SR-71 Blackbird',241,16,19),('Lufthansa','2019-11-11T16:51','2019-11-11T21:22',271,6347,500,'LH190','A321',222,24,14),('Norwegian','2019-09-04T08:12','2019-09-04T14:21',369,2714,300,'NW512','A320',573,27,6),('Lufthansa','2019-11-13T21:26','2019-11-14T07:15',589,975,300,'LH456','E-195',460,21,27),('Air Canada','2019-02-24T08:53','2019-02-24T12:33',220,4394,1000,'AC230','CRJ705',475,20,9),('Finnair','2019-04-10T02:14','2019-04-10T11:31',557,3121,300,'FA428','A320',423,20,8),('Delta Air Lines','2019-11-16T17:01','2019-11-17T03:35',634,8878,300,'DL123','A330',590,18,6),('Norwegian','2019-09-01T14:52','2019-09-01T22:32',460,1231,500,'NW440','A380',471,15,26),('British Airways','2019-08-06T01:18','2019-08-06T06:45',327,3455,200,'BA508','A350',256,12,16),('WOW Air','2019-07-12T14:32','2019-07-12T19:26',294,8313,300,'WA618','A320',175,9,11),('JetBlue Airways','2019-11-06T19:22','2019-11-06T22:21',179,5039,1000,'B6480','A380',100,22,12),('British Airways','2019-03-05T08:39','2019-03-05T16:44',485,1150,500,'BA720','A340',75,8,24),('Finnair','2019-04-26T01:31','2019-04-26T22:18',1247,5092,500,'FA506','A320',502,11,21),('Delta Air Lines','2019-07-22T13:01','2019-07-23T10:48',1307,1758,300,'DL338','Boeing 737',365,16,12),('Lufthansa','2019-10-19T19:20','2019-10-19T22:29',189,9175,1000,'LH724','Boeing 777',99,19,20),('British Airways','2019-11-08T14:56','2019-11-09T12:33',1297,7930,500,'BA254','CRJ900',103,7,5),('Delta Air Lines','2019-09-25T19:52','2019-09-26T15:53',1201,6548,300,'DL567','E-190',311,13,9),('SAS','2019-07-08T03:47','2019-07-09T18:02',2295,6096,500,'SA967','A300',528,14,24),('SAS','2019-11-22T15:20','2019-11-23T11:41',1221,8305,300,'SA527','CRJ1000',305,14,10),('Frontier Airlines','2019-04-03T04:54','2019-04-03T17:18',744,4899,500,'F9177','A380',433,26,9),('Delta Air Lines','2019-05-03T20:34','2019-05-03T23:12',158,6081,500,'DL607','CRJ705',511,27,4),('SAS','2019-02-14T20:27','2019-02-15T05:21',534,5330,300,'SA875','A310',98,7,13),('Air Canada','2019-10-02T17:39','2019-10-03T06:14',755,6269,300,'AC635','A319',366,18,28),('Lufthansa','2019-09-02T09:21','2019-09-02T23:15',834,1453,500,'LH374','A350',55,24,5),('British Airways','2019-11-09T18:45','2019-11-10T05:32',647,2055,300,'BA865','CRJ700',146,8,20),('British Airways','2019-09-18T03:31','2019-09-18T13:57',626,6383,300,'BA884','Boeing 747',175,17,18),('SAS','2019-03-17T10:48','2019-03-18T17:19',1831,9262,300,'SA116','E-170',152,8,26),('Alaska Airlines','2019-04-08T06:16','2019-04-08T23:34',1038,2757,200,'AS265','A319',473,19,16),('Air Canada','2019-10-01T01:09','2019-10-01T20:54',1185,3918,500,'AC998','A340',323,20,13),('British Airways','2019-07-13T00:17','2019-07-13T12:55',758,1836,1000,'BA601','A318',589,9,5),('JetBlue Airways','2019-07-11T05:25','2019-07-12T08:23',1618,8843,300,'B6346','CRJ900',100,26,10),('SAS','2019-10-21T09:13','2019-10-21T14:02',289,3256,200,'SA575','A300',120,26,30),('British Airways','2019-11-26T10:58','2019-11-27T04:56',1078,2127,1000,'BA313','SR-71 Blackbird',102,12,22),('Alaska Airlines','2019-09-13T03:49','2019-09-13T17:53',844,560,500,'AS389','A380',138,30,28),('SAS','2019-12-27T13:25','2019-12-28T02:50',805,6006,200,'SA310','Boeing 767',417,28,3),('Finnair','2019-07-21T20:36','2019-07-21T23:26',170,5050,300,'FA438','Boeing 767',377,7,12),('Air Canada','2019-05-27T20:23','2019-05-27T23:20',177,1950,1000,'AC491','A380',545,15,20),('JetBlue Airways','2019-02-03T08:33','2019-02-03T12:14',221,748,500,'B6262','E-195',167,19,15),('Lufthansa','2019-12-02T18:01','2019-12-02T22:31',270,5775,1000,'LH823','A350',220,12,9),('Lufthansa','2019-04-19T17:14','2019-04-20T02:29',555,1108,1000,'LH355','CRJ705',252,2,21),('Norwegian','2019-08-12T01:22','2019-08-12T05:41',259,7786,300,'NW878','SR-71 Blackbird',566,19,8),('SAS','2019-05-19T17:47','2019-05-20T02:01',494,9306,500,'SA214','A340',483,5,19),('Air Canada','2019-08-03T05:10','2019-08-03T11:04',354,8157,500,'AC497','SR-71 Blackbird',477,28,29),('Delta Air Lines','2019-12-02T17:07','2019-12-02T21:41',274,5533,300,'DL927','CRJ1000',56,7,28),('Alaska Airlines','2019-09-19T22:23','2019-09-21T11:28',2225,2662,300,'AS574','A321',473,5,13),('Frontier Airlines','2019-03-16T09:56','2019-03-17T12:12',1576,6429,200,'F9829','E-170',589,13,15),('SAS','2019-04-18T21:07','2019-04-19T09:04',717,2290,500,'SA919','A220',597,11,19),('Delta Air Lines','2019-05-15T02:15','2019-05-16T11:19',1984,4538,300,'DL728','A318',259,26,14),('Frontier Airlines','2019-12-08T19:37','2019-12-09T02:49',432,7539,300,'F9559','A340',89,30,8),('British Airways','2019-02-17T14:02','2019-02-17T20:56',414,8609,300,'BA386','Boeing 777',476,14,9),('SAS','2019-03-06T18:34','2019-03-06T23:07',273,2375,300,'SA510','A320',76,13,4),('JetBlue Airways','2019-02-15T10:22','2019-02-16T19:09',1967,9114,500,'B6921','E-175',531,16,21),('Delta Air Lines','2019-09-29T15:44','2019-09-29T21:11',327,8640,500,'DL361','E-195',523,5,2),('Alaska Airlines','2019-10-10T09:06','2019-10-10T21:32',746,5053,300,'AS105','A380',276,4,26),('Air Canada','2019-06-18T10:47','2019-06-18T14:31',224,7148,1000,'AC167','E-195',150,4,28),('British Airways','2019-03-15T02:06','2019-03-15T14:05',719,5628,1000,'BA207','A320',242,7,14),('Frontier Airlines','2019-06-23T12:00','2019-06-24T04:55',1015,7921,300,'F9553','A320',429,5,11),('SAS','2019-11-25T07:37','2019-11-25T13:50',373,941,300,'SA540','Boeing 777',284,2,8),('WOW Air','2019-04-15T03:50','2019-04-15T17:43',833,3224,1000,'WA650','Boeing 767',413,11,16),('British Airways','2019-12-10T20:06','2019-12-11T18:46',1360,3064,300,'BA948','Boeing 767',442,3,15),('WOW Air','2019-07-27T21:31','2019-07-27T23:51',140,9297,500,'WA639','Boeing 737',584,17,30),('JetBlue Airways','2019-08-24T02:19','2019-08-24T21:23',1144,4887,500,'B6990','A330',389,6,18),('Delta Air Lines','2019-05-06T07:25','2019-05-07T19:42',2177,4873,500,'DL664','Boeing 787',95,19,4),('SAS','2019-03-23T16:25','2019-03-23T20:51',266,3320,300,'SA902','Boeing 777',365,8,12),('Delta Air Lines','2019-03-15T00:35','2019-03-15T15:50',915,9658,300,'DL364','CRJ1000',262,19,25),('Lufthansa','2019-06-07T13:33','2019-06-07T17:23',230,1661,1000,'LH512','A330',497,22,27),('Lufthansa','2019-03-05T12:43','2019-03-05T22:54',611,3344,1000,'LH858','SR-71 Blackbird',448,3,29),('Air Canada','2019-08-08T20:11','2019-08-08T23:45',214,7884,500,'AC110','Millennium Falcon',570,16,23),('Norwegian','2019-10-15T06:56','2019-10-15T09:31',155,2703,1000,'NW599','A330',376,5,18),('JetBlue Airways','2019-12-24T11:12','2019-12-25T08:03',1251,7902,200,'B6821','A380',538,18,8),('Norwegian','2019-02-27T00:30','2019-02-27T13:40',790,9080,300,'NW917','CRJ705',399,14,15),('British Airways','2019-10-22T16:55','2019-10-22T22:08',313,2288,1000,'BA702','SR-71 Blackbird',464,1,20),('JetBlue Airways','2019-08-27T13:23','2019-08-27T19:27',364,4181,300,'B6996','A330',319,6,28),('British Airways','2019-03-21T16:26','2019-03-21T20:25',239,2942,300,'BA785','A318',89,7,3),('American Airlines','2019-06-04T10:44','2019-06-04T14:31',227,4313,500,'AA341','CRJ700',141,29,21),('SAS','2019-09-06T01:40','2019-09-06T12:59',679,1633,500,'SA289','Boeing 767',494,9,28),('Alaska Airlines','2019-06-21T04:17','2019-06-22T03:47',1410,5538,500,'AS159','E-190',403,8,10),('Delta Air Lines','2019-11-28T17:48','2019-11-28T22:34',286,9115,500,'DL389','A350',392,23,16),('Frontier Airlines','2019-10-23T09:19','2019-10-24T11:28',1569,553,500,'F9538','E-170',563,18,25),('Finnair','2019-01-11T14:05','2019-01-12T09:20',1155,4085,300,'FA779','A340',155,5,24),('Alaska Airlines','2019-07-20T09:29','2019-07-21T06:20',1251,4213,500,'AS195','A310',358,15,9),('Norwegian','2019-09-15T05:25','2019-09-15T17:28',723,5897,300,'NW875','Boeing 747',102,28,17),('Alaska Airlines','2019-07-19T02:44','2019-07-19T21:11',1107,3826,300,'AS420','CRJ900',172,13,11),('Air Canada','2019-09-17T07:50','2019-09-17T11:32',222,6200,500,'AC414','E-170',290,29,1),('JetBlue Airways','2019-03-02T11:04','2019-03-02T22:40',696,6787,300,'B6195','A310',277,29,12),('Delta Air Lines','2019-07-05T13:32','2019-07-05T22:24',532,7052,1000,'DL424','CRJ705',355,19,21),('Norwegian','2019-08-26T13:57','2019-08-27T08:03',1086,9269,300,'NW707','CRJ700',99,25,10),('American Airlines','2019-11-22T14:09','2019-11-22T21:42',453,6574,500,'AA274','E-190',398,4,15),('WOW Air','2019-11-10T04:10','2019-11-10T08:33',263,6056,200,'WA101','Millennium Falcon',167,23,29),('JetBlue Airways','2019-04-20T10:37','2019-04-20T22:33',716,8589,200,'B6961','A318',173,10,9),('Alaska Airlines','2019-10-15T04:01','2019-10-16T02:00',1319,8967,200,'AS855','Boeing 787',504,20,17),('Delta Air Lines','2019-10-25T03:32','2019-10-25T20:45',1033,7069,500,'DL307','A330',401,4,19),('Norwegian','2019-03-05T13:51','2019-03-06T15:04',1513,3414,500,'NW439','Boeing 767',398,24,17),('British Airways','2019-05-03T00:30','2019-05-04T16:06',2376,4265,300,'BA751','A220',115,25,24),('JetBlue Airways','2019-05-14T19:40','2019-05-14T23:58',258,2107,300,'B6916','CRJ1000',379,14,20),('Finnair','2019-02-06T23:43','2019-02-08T17:28',2505,3927,500,'FA260','Boeing 767',303,4,16),('Finnair','2019-06-29T16:54','2019-06-30T17:43',1489,9245,1000,'FA115','E-190',67,21,15),('SAS','2019-12-01T12:02','2019-12-02T06:48',1126,8428,1000,'SA541','A350',235,6,16),('Norwegian','2019-12-20T00:41','2019-12-20T14:35',834,6325,1000,'NW137','A319',341,9,11),('SAS','2019-02-14T11:50','2019-02-14T19:30',460,4287,1000,'SA223','Boeing 777',283,20,12),('Norwegian','2019-07-30T20:41','2019-07-31T22:43',1562,1327,200,'NW713','E-170',323,7,27),('WOW Air','2019-02-08T03:11','2019-02-09T17:16',2285,4034,500,'WA375','CRJ900',279,15,22),('Norwegian','2019-06-24T05:54','2019-06-24T14:13',499,2751,500,'NW448','A300',168,14,27),('Alaska Airlines','2019-03-06T07:07','2019-03-06T11:41',274,4649,200,'AS772','E-190',328,13,5),('British Airways','2019-02-24T11:02','2019-02-24T22:53',711,7610,500,'BA299','Boeing 787',203,20,27),('WOW Air','2019-04-05T23:01','2019-04-07T09:16',2055,2673,300,'WA537','SR-71 Blackbird',505,17,13),('Air Canada','2019-01-17T02:20','2019-01-17T08:38',378,3306,1000,'AC875','A380',185,28,17),('Alaska Airlines','2019-11-12T03:47','2019-11-12T18:04',857,8405,500,'AS561','CRJ900',326,17,30),('Alaska Airlines','2019-05-11T18:51','2019-05-11T22:40',229,6556,200,'AS681','A380',331,10,4),('Delta Air Lines','2019-11-18T12:53','2019-11-19T09:29',1236,6544,300,'DL508','A320',144,13,30),('British Airways','2019-05-21T12:57','2019-05-22T17:04',1687,2953,500,'BA720','A319',131,12,29),('JetBlue Airways','2019-04-28T14:52','2019-04-29T04:08',796,5676,500,'B6848','Boeing 737',587,21,18),('Delta Air Lines','2019-05-28T15:33','2019-05-29T11:07',1174,1581,300,'DL139','Boeing 787',267,23,9),('WOW Air','2019-09-15T08:46','2019-09-15T17:17',511,9012,500,'WA318','A320',202,29,4),('JetBlue Airways','2019-10-18T19:28','2019-10-19T20:42',1514,1052,1000,'B6575','A380',167,22,25),('SAS','2019-09-13T15:15','2019-09-13T22:39',444,4421,200,'SA477','E-190',516,9,6),('Finnair','2019-05-18T01:45','2019-05-19T12:36',2091,2292,1000,'FA445','E-195',269,21,3),('SAS','2019-07-15T12:34','2019-07-15T18:27',353,9179,500,'SA678','E-175',82,1,15),('SAS','2019-04-17T01:49','2019-04-18T11:07',1998,7126,300,'SA226','E-170',505,10,13),('Delta Air Lines','2019-10-30T16:50','2019-10-30T21:59',309,1323,200,'DL306','A380',341,23,20),('SAS','2019-04-19T04:37','2019-04-19T13:38',541,5438,1000,'SA154','E-170',74,8,11),('SAS','2019-05-11T09:51','2019-05-11T12:55',184,8272,500,'SA108','A300',510,18,28),('WOW Air','2019-07-22T14:04','2019-07-23T07:03',1019,6225,300,'WA931','Boeing 767',599,24,10),('Lufthansa','2019-04-28T06:01','2019-04-28T13:35',454,8019,300,'LH923','Boeing 767',324,14,11),('WOW Air','2019-04-21T20:29','2019-04-22T22:44',1575,8111,500,'WA685','A310',332,3,18),('Norwegian','2019-04-27T04:05','2019-04-27T19:58',953,3460,300,'NW664','Boeing 737',346,21,27),('Air Canada','2019-03-15T02:32','2019-03-15T14:45',733,834,200,'AC344','Boeing 767',329,16,26),('JetBlue Airways','2019-06-02T08:05','2019-06-03T08:12',1447,6994,300,'B6401','Boeing 777',273,9,28),('WOW Air','2019-02-24T10:51','2019-02-25T06:51',1200,3587,200,'WA986','A321',383,7,10),('SAS','2019-08-02T17:37','2019-08-03T07:57',860,5681,300,'SA394','A321',137,5,9),('Frontier Airlines','2019-09-23T11:01','2019-09-24T11:38',1477,9835,300,'F9510','E-170',506,22,12),('American Airlines','2019-06-27T00:30','2019-06-28T20:54',2664,9052,200,'AA815','A320',361,30,3),('Lufthansa','2019-12-26T18:21','2019-12-27T17:29',1388,6145,300,'LH860','Boeing 737',597,15,13),('Delta Air Lines','2019-03-01T22:39','2019-03-03T13:05',2306,5025,500,'DL308','Boeing 787',328,2,28),('Air Canada','2019-04-26T17:38','2019-04-26T23:21',343,6213,300,'AC968','Boeing 767',87,4,15),('Lufthansa','2019-03-09T06:44','2019-03-09T16:07',563,3605,300,'LH330','A321',321,27,13),('British Airways','2019-09-12T07:49','2019-09-12T10:24',155,3441,500,'BA420','Boeing 767',316,16,13),('Air Canada','2019-11-21T06:06','2019-11-21T15:46',580,8742,300,'AC330','E-170',154,22,2),('British Airways','2019-02-02T07:04','2019-02-02T22:21',917,1293,300,'BA588','Millennium Falcon',561,8,12),('JetBlue Airways','2019-11-10T13:25','2019-11-10T20:50',445,5375,300,'B6390','A350',202,5,28),('Finnair','2019-06-25T06:39','2019-06-26T08:09',1530,7667,300,'FA467','E-175',253,30,12),('Delta Air Lines','2019-06-04T15:21','2019-06-04T19:42',261,743,300,'DL563','CRJ900',237,18,8),('Finnair','2019-09-28T00:58','2019-09-28T20:22',1164,5473,300,'FA714','A318',295,11,14),('Frontier Airlines','2019-01-03T15:21','2019-01-04T21:56',1835,2736,500,'F9916','SR-71 Blackbird',384,19,26),('Frontier Airlines','2019-10-25T05:55','2019-10-25T12:33',398,3385,200,'F9133','A310',332,23,9),('Norwegian','2019-03-24T20:13','2019-03-25T13:50',1057,6527,500,'NW863','CRJ705',234,7,19),('Lufthansa','2019-11-04T16:36','2019-11-04T20:07',211,9328,500,'LH349','E-170',418,11,8),('Air Canada','2019-09-23T20:27','2019-09-23T23:35',188,2858,1000,'AC338','E-190',224,28,18),('Alaska Airlines','2019-11-20T22:42','2019-11-22T06:43',1921,4751,500,'AS960','A300',355,5,23),('Finnair','2019-09-28T18:48','2019-09-28T23:26',278,6484,500,'FA130','E-190',252,24,29),('British Airways','2019-12-30T17:25','2019-12-30T21:48',263,2551,500,'BA887','A300',474,20,10),('Delta Air Lines','2019-02-15T11:13','2019-02-15T23:04',711,6985,300,'DL797','A300',531,17,23),('Lufthansa','2019-08-08T21:07','2019-08-08T24:36',209,6245,1000,'LH761','A318',500,24,6),('Norwegian','2019-07-16T08:17','2019-07-17T10:44',1587,1098,300,'NW219','A350',458,5,8),('SAS','2019-05-17T18:40','2019-05-18T03:32',532,3511,200,'SA414','Boeing 747',407,15,20),('SAS','2019-04-08T05:11','2019-04-08T13:34',503,5933,500,'SA990','A350',453,2,30),('JetBlue Airways','2019-11-19T23:57','2019-11-21T21:08',2711,5098,500,'B6778','A319',395,14,18),('JetBlue Airways','2019-01-06T08:03','2019-01-06T15:14',431,2665,500,'B6539','Boeing 747',406,14,23),('British Airways','2019-01-29T08:49','2019-01-30T07:58',1389,9803,1000,'BA488','Boeing 787',571,22,28),('JetBlue Airways','2019-01-12T07:57','2019-01-13T12:03',1686,8414,200,'B6746','SR-71 Blackbird',491,1,21),('Norwegian','2019-10-19T16:51','2019-10-20T07:01',850,1945,500,'NW966','Boeing 747',583,16,21),('Delta Air Lines','2019-07-15T08:44','2019-07-16T14:24',1780,4881,300,'DL399','A319',213,7,2),('SAS','2019-11-20T17:54','2019-11-21T13:36',1182,2802,1000,'SA134','A300',116,9,8),('Finnair','2019-03-14T22:10','2019-03-16T18:49',2679,4965,300,'FA537','E-195',355,25,5),('Alaska Airlines','2019-07-25T13:57','2019-07-25T17:31',214,7356,500,'AS920','Boeing 737',52,12,28),('Lufthansa','2019-02-04T07:49','2019-02-05T17:42',2033,9054,500,'LH220','Boeing 777',309,11,16),('British Airways','2019-04-18T11:17','2019-04-18T16:01',284,9145,500,'BA328','A220',180,18,16),('Delta Air Lines','2019-03-29T15:02','2019-03-29T20:18',316,3835,300,'DL651','A330',187,22,19),('Alaska Airlines','2019-06-27T21:25','2019-06-28T00:05',160,4506,1000,'AS989','A321',153,29,15),('Lufthansa','2019-03-12T03:13','2019-03-12T08:40',327,3873,500,'LH522','A220',379,28,16),('JetBlue Airways','2019-06-23T08:23','2019-06-24T22:28',2285,7326,200,'B6441','A220',72,25,11),('Lufthansa','2019-03-27T10:57','2019-03-27T14:34',217,6161,300,'LH194','CRJ705',584,26,5),('Air Canada','2019-04-05T05:16','2019-04-05T12:24',428,2058,500,'AC866','A320',317,24,4),('Alaska Airlines','2019-02-22T05:58','2019-02-23T01:29',1171,7901,500,'AS786','A321',133,19,27),('American Airlines','2019-03-14T08:12','2019-03-14T23:39',927,844,500,'AA407','A380',243,20,3),('Air Canada','2019-07-16T16:23','2019-07-16T21:29',306,8845,300,'AC511','A310',194,16,7),('American Airlines','2019-03-22T18:43','2019-03-23T15:46',1263,3924,300,'AA442','A310',291,16,18),('Delta Air Lines','2019-11-27T02:47','2019-11-28T10:48',1921,9598,300,'DL293','A220',428,17,28),('Frontier Airlines','2019-06-25T01:56','2019-06-25T16:15',859,4834,300,'F9598','A300',430,27,21),('Lufthansa','2019-03-22T20:50','2019-03-23T06:15',565,2097,1000,'LH446','E-190',185,8,21),('SAS','2019-08-02T21:56','2019-08-03T12:15',859,9191,200,'SA624','A318',596,19,16),('Norwegian','2019-07-16T14:32','2019-07-16T20:46',374,8384,500,'NW737','A318',308,5,30),('Air Canada','2019-04-25T08:51','2019-04-26T10:15',1524,5446,500,'AC576','Boeing 767',337,23,1),('WOW Air','2019-08-15T12:21','2019-08-15T20:25',484,1919,200,'WA705','A300',124,11,26),('Alaska Airlines','2019-12-25T08:51','2019-12-25T18:30',579,6637,300,'AS169','Boeing 747',327,7,3),('British Airways','2019-07-27T09:47','2019-07-28T10:01',1454,7822,300,'BA373','Boeing 777',323,5,27),('Finnair','2019-09-18T14:09','2019-09-19T09:31',1162,3595,200,'FA997','Boeing 747',306,2,16),('Norwegian','2019-04-25T00:58','2019-04-25T08:24',446,1549,300,'NW140','E-195',267,29,18),('SAS','2019-09-26T03:41','2019-09-27T14:02',2061,7643,500,'SA636','A310',63,10,23),('Frontier Airlines','2019-09-29T12:37','2019-09-29T22:32',595,8212,200,'F9179','E-175',120,16,2),('American Airlines','2019-05-09T22:38','2019-05-11T13:09',2311,5112,500,'AA551','Boeing 737',529,15,26),('Air Canada','2019-08-27T20:35','2019-08-28T15:05',1110,6140,200,'AC322','Boeing 777',446,29,4),('SAS','2019-03-30T10:45','2019-03-31T16:45',1800,610,500,'SA553','CRJ705',340,23,13),('Alaska Airlines','2019-09-02T18:56','2019-09-03T19:31',1475,2765,300,'AS477','Boeing 787',117,25,4),('WOW Air','2019-06-06T13:58','2019-06-07T03:48',830,3877,200,'WA825','A220',81,5,27),('American Airlines','2019-10-10T13:30','2019-10-11T07:37',1087,1641,300,'AA916','E-190',169,17,16),('Air Canada','2019-02-05T08:08','2019-02-06T13:54',1786,1568,500,'AC903','Boeing 787',362,12,10),('Alaska Airlines','2019-10-19T05:13','2019-10-20T19:03',2270,9281,1000,'AS530','A220',322,27,21),('Finnair','2019-06-15T06:30','2019-06-16T10:01',1651,5322,500,'FA358','Boeing 767',276,6,24),('Air Canada','2019-06-25T22:56','2019-06-27T06:27',1891,9921,1000,'AC736','A320',591,13,3),('SAS','2019-03-02T09:55','2019-03-02T22:48',773,5713,1000,'SA663','A320',417,12,5),('Lufthansa','2019-07-04T19:45','2019-07-04T22:53',188,7340,500,'LH450','A319',207,24,11),('Frontier Airlines','2019-05-28T08:37','2019-05-29T06:18',1301,1807,300,'F9101','A330',502,30,2),('WOW Air','2019-10-29T07:59','2019-10-30T01:29',1050,706,1000,'WA574','Boeing 787',588,9,2),('Frontier Airlines','2019-12-09T01:41','2019-12-10T01:58',1457,2169,1000,'F9909','CRJ900',319,3,17),('Alaska Airlines','2019-06-14T13:42','2019-06-15T06:33',1011,6434,300,'AS855','CRJ1000',442,2,28),('American Airlines','2019-12-02T03:08','2019-12-02T15:06',718,8856,300,'AA477','CRJ705',133,16,4),('Finnair','2019-08-19T10:26','2019-08-19T13:47',201,1757,1000,'FA795','Boeing 747',166,1,8),('Finnair','2019-07-30T04:30','2019-07-30T17:35',785,5422,300,'FA482','A300',180,18,20),('Lufthansa','2019-03-16T10:22','2019-03-16T19:15',533,9085,1000,'LH512','E-190',574,26,5),('British Airways','2019-12-07T14:25','2019-12-08T16:15',1550,8060,1000,'BA651','A319',376,7,2),('Frontier Airlines','2019-08-22T23:35','2019-08-24T05:17',1782,5090,500,'F9396','A310',341,25,7),('American Airlines','2019-04-24T09:57','2019-04-24T18:54',537,1723,200,'AA532','A220',472,9,22),('Finnair','2019-07-20T04:52','2019-07-21T02:44',1312,6640,1000,'FA768','Boeing 767',405,9,17),('Frontier Airlines','2019-09-04T12:53','2019-09-04T20:39',466,2253,500,'F9598','A300',418,6,29),('Alaska Airlines','2019-07-25T01:27','2019-07-25T14:39',792,4814,1000,'AS178','E-170',389,16,3),('Alaska Airlines','2019-08-08T21:42','2019-08-08T24:21',159,3588,1000,'AS560','E-195',325,3,16),('SAS','2019-04-23T02:30','2019-04-23T13:34',664,5386,1000,'SA878','Boeing 787',532,10,23),('Air Canada','2019-08-13T03:29','2019-08-13T19:53',984,1427,300,'AC147','Boeing 737',193,26,18),('British Airways','2019-06-27T08:41','2019-06-27T21:14',753,9685,200,'BA975','Boeing 737',105,8,12),('British Airways','2019-03-11T10:35','2019-03-11T22:42',727,8353,500,'BA900','A380',396,11,30),('SAS','2019-10-03T17:44','2019-10-03T21:08',204,7746,1000,'SA408','E-195',401,8,15),('Frontier Airlines','2019-07-13T06:52','2019-07-13T21:50',898,5963,200,'F9176','A321',499,15,21),('Alaska Airlines','2019-05-07T03:27','2019-05-07T16:50',803,6428,500,'AS488','E-190',62,4,5),('Alaska Airlines','2019-09-08T13:37','2019-09-09T08:53',1156,7209,500,'AS828','CRJ705',463,5,28),('Lufthansa','2019-10-14T16:56','2019-10-14T22:40',344,4614,300,'LH814','A350',155,13,23),('Finnair','2019-02-02T12:38','2019-02-03T07:52',1154,4137,1000,'FA875','Boeing 737',122,16,26),('Air Canada','2019-07-23T01:16','2019-07-24T05:10',1674,9685,300,'AC233','SR-71 Blackbird',499,16,12),('British Airways','2019-03-06T14:30','2019-03-06T18:03',213,9915,200,'BA964','Boeing 747',201,26,15),('Lufthansa','2019-07-11T10:07','2019-07-11T22:50',763,6665,500,'LH647','Boeing 737',284,24,9),('Lufthansa','2019-06-20T04:34','2019-06-21T05:16',1482,1444,200,'LH892','E-175',119,28,26),('British Airways','2019-01-29T16:22','2019-01-29T20:54',272,9397,500,'BA711','CRJ705',214,7,8),('Alaska Airlines','2019-06-20T18:54','2019-06-21T14:00',1146,1286,300,'AS474','Boeing 737',335,3,9),('Norwegian','2019-12-11T06:53','2019-12-11T19:39',766,8220,200,'NW962','A321',352,30,5),('Lufthansa','2019-04-07T04:47','2019-04-08T06:56',1569,4012,300,'LH709','E-170',225,27,9),('Frontier Airlines','2019-09-20T23:45','2019-09-22T18:34',2569,2279,500,'F9122','CRJ900',533,26,28),('British Airways','2019-09-28T00:30','2019-09-29T21:24',2694,2496,500,'BA976','A330',82,7,17),('WOW Air','2019-07-08T11:16','2019-07-08T17:20',364,680,300,'WA854','Boeing 787',95,13,7),('Finnair','2019-04-16T21:39','2019-04-16T23:41',122,7017,500,'FA229','A320',447,9,29),('Frontier Airlines','2019-02-11T15:35','2019-02-11T22:07',392,1508,500,'F9746','A340',89,8,14),('WOW Air','2019-05-28T05:35','2019-05-28T23:56',1101,4429,1000,'WA165','A380',426,3,13),('Lufthansa','2019-03-04T22:40','2019-03-06T17:30',2570,2366,1000,'LH201','CRJ900',68,26,2),('SAS','2019-06-10T07:24','2019-06-10T17:46',622,4450,500,'SA806','SR-71 Blackbird',367,12,30),('Norwegian','2019-05-15T09:54','2019-05-16T18:19',1945,2629,200,'NW369','A318',415,8,28),('SAS','2019-06-22T20:14','2019-06-22T23:06',172,1571,300,'SA905','E-170',321,12,7),('Lufthansa','2019-02-02T16:11','2019-02-02T23:27',436,1736,1000,'LH531','A220',585,2,9),('WOW Air','2019-11-25T10:38','2019-11-25T14:08',210,8995,500,'WA426','SR-71 Blackbird',102,24,23),('SAS','2019-09-06T03:08','2019-09-07T17:07',2279,7705,200,'SA301','CRJ700',453,26,15),('JetBlue Airways','2019-04-04T05:11','2019-04-05T15:11',2040,9595,300,'B6361','E-190',66,11,5),('Alaska Airlines','2019-05-29T20:23','2019-05-30T18:03',1300,4331,300,'AS679','A330',320,9,28),('Alaska Airlines','2019-06-09T04:26','2019-06-10T02:37',1331,8753,500,'AS258','A340',284,20,11),('Alaska Airlines','2019-02-05T06:40','2019-02-06T13:59',1879,7044,300,'AS141','CRJ705',491,10,15),('British Airways','2019-07-23T20:01','2019-07-24T03:04',423,1698,1000,'BA167','CRJ900',548,8,12),('Finnair','2019-08-01T22:06','2019-08-03T06:55',1969,7491,200,'FA475','A319',123,13,28),('Finnair','2019-02-21T21:31','2019-02-22T21:53',1462,813,300,'FA707','A330',120,28,4),('Finnair','2019-05-05T11:04','2019-05-05T16:01',297,7086,300,'FA269','CRJ705',130,13,7),('Finnair','2019-08-26T03:31','2019-08-27T18:22',2331,2853,1000,'FA586','E-190',91,29,13),('JetBlue Airways','2019-03-15T01:55','2019-03-15T15:57',842,3442,300,'B6391','A220',376,30,17),('Lufthansa','2019-04-07T13:25','2019-04-07T17:11',226,7812,1000,'LH590','A350',479,6,13),('Alaska Airlines','2019-11-22T19:11','2019-11-23T02:29',438,2749,300,'AS628','A220',584,27,10),('American Airlines','2019-03-14T05:50','2019-03-15T09:36',1666,3909,500,'AA208','A340',405,24,4),('Lufthansa','2019-09-11T06:34','2019-09-11T11:06',272,5603,300,'LH902','E-190',99,5,14),('Alaska Airlines','2019-01-15T12:46','2019-01-16T09:22',1236,5303,500,'AS734','E-190',454,12,11),('Finnair','2019-07-29T15:28','2019-07-30T13:44',1336,4890,300,'FA207','Boeing 767',316,27,29),('Norwegian','2019-09-02T02:52','2019-09-03T12:20',2008,8078,300,'NW736','A319',443,2,21),('Norwegian','2019-11-06T06:57','2019-11-07T20:32',2255,5760,300,'NW738','A300',211,15,21),('American Airlines','2019-04-26T17:56','2019-04-27T23:17',1761,3595,500,'AA991','A320',127,23,18),('British Airways','2019-04-14T23:26','2019-04-16T16:13',2447,9019,200,'BA390','E-195',164,13,11),('Frontier Airlines','2019-03-11T21:28','2019-03-11T23:15',107,7582,500,'F9448','CRJ1000',203,4,8),('British Airways','2019-08-21T07:50','2019-08-21T10:11',141,7376,300,'BA623','Boeing 777',72,9,6),('Finnair','2019-07-10T18:10','2019-07-11T19:29',1519,7230,300,'FA509','A300',138,29,26),('Norwegian','2019-04-06T01:15','2019-04-07T16:16',2341,9934,500,'NW835','A310',82,2,26),('Finnair','2019-03-16T13:14','2019-03-16T20:13',419,2583,1000,'FA210','Boeing 787',55,6,16),('Delta Air Lines','2019-12-13T22:29','2019-12-15T06:14',1905,1097,300,'DL770','E-190',406,16,2),('Norwegian','2019-02-13T13:04','2019-02-14T14:20',1516,5004,500,'NW790','A340',413,5,15),('British Airways','2019-02-13T13:52','2019-02-14T15:27',1535,3665,500,'BA173','A321',528,10,20),('JetBlue Airways','2019-04-20T06:36','2019-04-20T15:48',552,2982,500,'B6788','E-175',380,16,19),('Norwegian','2019-06-17T20:46','2019-06-17T23:08',142,8311,500,'NW671','CRJ705',101,14,9),('SAS','2019-09-13T18:43','2019-09-14T08:24',821,7465,1000,'SA694','E-195',487,2,13),('SAS','2019-05-09T12:49','2019-05-09T21:25',516,8245,300,'SA588','Boeing 747',273,16,28),('Norwegian','2019-02-15T04:07','2019-02-15T13:25',558,1353,500,'NW927','A340',360,8,9),('Delta Air Lines','2019-03-15T12:11','2019-03-16T23:37',2126,7986,500,'DL992','A220',593,8,1),('Air Canada','2019-02-07T01:14','2019-02-08T19:47',2553,3834,200,'AC477','A340',406,16,2),('WOW Air','2019-07-15T15:29','2019-07-16T22:31',1862,5069,1000,'WA599','A318',481,27,30),('Alaska Airlines','2019-06-06T09:21','2019-06-07T12:04',1603,3862,500,'AS270','A300',516,22,12),('WOW Air','2019-09-26T14:31','2019-09-27T10:03',1172,745,200,'WA807','SR-71 Blackbird',269,23,9),('JetBlue Airways','2019-07-04T12:21','2019-07-04T19:54',453,5400,500,'B6841','CRJ700',484,14,2),('Air Canada','2019-11-26T10:54','2019-11-26T22:05',671,2840,300,'AC497','E-175',179,7,10),('Air Canada','2019-11-28T18:35','2019-11-28T22:51',256,769,300,'AC762','A318',360,24,22),('SAS','2019-05-03T15:49','2019-05-04T03:07',678,1327,300,'SA675','CRJ705',248,23,25),('Delta Air Lines','2019-10-05T01:59','2019-10-05T18:00',961,7736,300,'DL359','A321',434,14,12),('Frontier Airlines','2019-11-15T07:03','2019-11-16T23:40',2437,8498,200,'F9463','Boeing 737',541,9,13),('Air Canada','2019-08-01T10:41','2019-08-01T21:42',661,3979,300,'AC388','Boeing 777',188,17,9),('Finnair','2019-10-19T21:38','2019-10-19T24:48',190,7747,500,'FA365','A319',358,1,19),('British Airways','2019-11-29T17:42','2019-11-30T08:46',904,2042,500,'BA770','CRJ705',56,25,19),('SAS','2019-09-14T18:58','2019-09-15T11:09',971,2528,1000,'SA422','E-175',476,21,22),('Frontier Airlines','2019-11-21T13:31','2019-11-21T20:11',400,7160,1000,'F9919','A321',284,22,15),('British Airways','2019-10-07T19:40','2019-10-07T23:55',255,5770,500,'BA385','E-175',146,12,21),('SAS','2019-04-14T04:21','2019-04-15T09:11',1730,2285,500,'SA255','A310',171,27,18),('American Airlines','2019-01-20T06:58','2019-01-20T20:07',789,9379,1000,'AA973','SR-71 Blackbird',567,14,15),('Norwegian','2019-08-26T01:35','2019-08-26T11:17',582,5365,300,'NW415','A220',320,29,7),('Lufthansa','2019-04-21T08:06','2019-04-21T17:54',588,9479,200,'LH923','A380',114,22,14),('British Airways','2019-12-28T03:27','2019-12-28T19:38',971,8656,500,'BA800','CRJ900',380,4,24),('Alaska Airlines','2019-06-22T12:55','2019-06-23T10:13',1278,4820,1000,'AS856','CRJ705',577,8,29),('Air Canada','2019-11-21T10:03','2019-11-22T02:52',1009,2778,500,'AC406','A340',383,22,27),('British Airways','2019-02-06T19:11','2019-02-07T10:33',922,3876,500,'BA218','CRJ900',141,3,13),('Alaska Airlines','2019-12-09T18:24','2019-12-09T22:19',235,1388,200,'AS582','CRJ1000',248,11,6),('SAS','2019-01-24T07:42','2019-01-25T19:46',2164,4737,300,'SA191','CRJ1000',234,15,13),('Alaska Airlines','2019-10-04T17:50','2019-10-04T20:09',139,8445,500,'AS249','CRJ900',226,27,4),('SAS','2019-07-09T10:09','2019-07-10T00:42',873,2654,300,'SA819','A319',374,17,23),('Air Canada','2019-04-12T03:28','2019-04-12T16:31',783,7252,200,'AC312','A321',422,28,8),('Air Canada','2019-10-08T13:29','2019-10-08T21:57',508,4819,200,'AC823','E-190',243,23,18),('Frontier Airlines','2019-03-04T21:41','2019-03-04T24:58',197,5269,300,'F9945','E-195',150,10,15),('SAS','2019-09-07T12:41','2019-09-08T21:37',1976,7269,1000,'SA433','E-170',345,17,6),('Air Canada','2019-08-03T21:29','2019-08-04T15:47',1098,3197,300,'AC262','SR-71 Blackbird',79,10,15),('Lufthansa','2019-09-28T14:36','2019-09-29T04:57',861,6962,500,'LH829','Millennium Falcon',200,11,8),('Lufthansa','2019-06-03T06:36','2019-06-04T01:20',1124,2217,300,'LH499','A330',414,19,9),('JetBlue Airways','2019-11-05T15:02','2019-11-05T22:30',448,9392,300,'B6151','A321',564,26,25),('Lufthansa','2019-06-09T13:15','2019-06-10T11:07',1312,3709,500,'LH812','E-170',270,18,27),('Finnair','2019-03-09T17:04','2019-03-10T18:44',1540,1713,200,'FA446','E-170',349,26,20),('Frontier Airlines','2019-08-17T06:20','2019-08-18T22:46',2426,1960,1000,'F9706','A320',261,13,25),('JetBlue Airways','2019-06-07T12:26','2019-06-07T16:14',228,8657,300,'B6204','A350',443,24,6),('Norwegian','2019-09-24T11:27','2019-09-25T20:18',1971,4492,500,'NW395','CRJ700',337,2,12),('Norwegian','2019-06-21T02:50','2019-06-21T19:12',982,9313,300,'NW597','CRJ900',358,22,19),('Alaska Airlines','2019-05-20T12:35','2019-05-21T05:16',1001,7562,300,'AS576','A220',439,26,27),('Air Canada','2019-08-17T01:40','2019-08-17T04:34',174,9026,1000,'AC528','A220',457,10,18),('British Airways','2019-05-08T18:38','2019-05-08T22:37',239,4933,300,'BA893','A318',90,14,20),('Alaska Airlines','2019-08-12T23:36','2019-08-14T19:22',2626,4106,300,'AS533','A340',389,2,15),('Finnair','2019-09-17T16:01','2019-09-18T03:18',677,5328,300,'FA469','CRJ700',510,28,14),('Finnair','2019-05-18T05:51','2019-05-18T15:24',573,1079,300,'FA647','CRJ705',348,19,15),('Delta Air Lines','2019-05-26T05:16','2019-05-26T13:47',511,6379,500,'DL146','A350',77,15,10),('Finnair','2019-05-14T23:18','2019-05-16T12:17',2219,5444,300,'FA262','A300',72,16,11),('Alaska Airlines','2019-03-26T12:00','2019-03-26T19:42',462,6213,1000,'AS837','A340',409,27,2),('Frontier Airlines','2019-05-06T08:14','2019-05-07T02:23',1089,8332,300,'F9124','CRJ700',431,26,18),('Lufthansa','2019-09-11T00:53','2019-09-12T10:21',2008,3320,1000,'LH838','A380',576,18,24),('Finnair','2019-08-19T04:28','2019-08-19T23:11',1123,6853,300,'FA565','E-175',165,26,20),('Norwegian','2019-11-03T19:32','2019-11-04T10:23',891,9603,300,'NW506','CRJ705',569,2,25),('Norwegian','2019-05-18T10:03','2019-05-19T04:33',1110,3407,300,'NW332','CRJ700',93,5,12),('Lufthansa','2019-03-29T18:52','2019-03-29T22:43',231,916,300,'LH656','Boeing 737',516,10,19),('Lufthansa','2019-09-21T08:43','2019-09-21T16:46',483,7080,1000,'LH770','CRJ705',567,18,5),('Finnair','2019-05-03T08:38','2019-05-04T17:19',1961,6686,500,'FA335','A318',304,10,30),('Lufthansa','2019-09-04T19:30','2019-09-05T11:36',966,6137,500,'LH640','CRJ700',586,25,6),('Lufthansa','2019-01-12T09:54','2019-01-13T03:04',1030,8951,200,'LH407','E-195',184,7,15),('JetBlue Airways','2019-06-13T05:45','2019-06-13T21:31',946,8254,1000,'B6377','CRJ700',115,7,10),('WOW Air','2019-02-25T10:10','2019-02-25T16:48',398,1044,200,'WA932','CRJ700',409,30,25),('Delta Air Lines','2019-07-15T22:08','2019-07-17T18:36',2668,1738,300,'DL469','Boeing 747',442,9,24),('JetBlue Airways','2019-04-09T22:17','2019-04-11T19:21',2704,8228,500,'B6392','A310',325,6,17),('British Airways','2019-02-19T05:22','2019-02-19T08:28',186,9336,300,'BA986','A310',513,12,11),('JetBlue Airways','2019-03-26T03:22','2019-03-27T13:33',2051,1769,200,'B6481','A300',471,27,8),('Finnair','2019-03-16T07:56','2019-03-17T07:20',1404,7720,500,'FA863','A310',285,28,22),('Delta Air Lines','2019-05-05T08:50','2019-05-06T18:23',2013,8642,200,'DL604','Boeing 767',486,18,17),('Delta Air Lines','2019-04-07T06:49','2019-04-07T20:23',814,9632,500,'DL679','CRJ900',261,12,19),('Norwegian','2019-09-11T02:18','2019-09-12T04:43',1585,8304,300,'NW912','Boeing 767',543,16,19),('JetBlue Airways','2019-07-10T13:41','2019-07-10T18:57',316,3606,500,'B6341','Boeing 767',307,12,8),('JetBlue Airways','2019-03-18T15:38','2019-03-19T08:30',1012,8818,300,'B6589','A300',318,7,25),('SAS','2019-09-19T13:49','2019-09-19T19:07',318,833,300,'SA124','Millennium Falcon',259,29,19),('Frontier Airlines','2019-03-14T01:23','2019-03-14T12:29',666,8065,1000,'F9102','CRJ900',561,13,3),('Norwegian','2019-05-30T15:40','2019-05-30T21:20',340,3332,300,'NW854','Boeing 737',344,8,16),('Norwegian','2019-03-09T13:23','2019-03-10T13:47',1464,1442,500,'NW788','E-195',327,19,18),('JetBlue Airways','2019-01-12T09:33','2019-01-13T00:52',919,5315,500,'B6572','CRJ700',536,5,16),('Finnair','2019-11-07T02:46','2019-11-07T19:42',1016,3652,500,'FA513','Boeing 747',555,25,14),('JetBlue Airways','2019-05-01T06:48','2019-05-01T16:12',564,9538,300,'B6878','Boeing 777',560,20,23),('American Airlines','2019-07-29T21:50','2019-07-30T19:07',1277,7456,1000,'AA717','E-175',320,21,11),('Frontier Airlines','2019-02-04T09:55','2019-02-05T12:43',1608,8056,300,'F9144','CRJ705',436,13,21),('JetBlue Airways','2019-03-30T17:37','2019-03-31T12:05',1108,8533,300,'B6142','A318',336,30,26),('Finnair','2019-05-22T10:04','2019-05-23T01:33',929,732,500,'FA529','Boeing 747',201,26,25),('British Airways','2019-02-08T14:44','2019-02-09T23:34',1970,4888,200,'BA597','A320',523,21,27),('Finnair','2019-03-16T15:29','2019-03-16T22:11',402,3556,500,'FA475','Boeing 787',421,14,2),('Frontier Airlines','2019-01-25T05:49','2019-01-26T11:20',1771,9659,500,'F9863','CRJ1000',127,16,12),('American Airlines','2019-07-25T15:09','2019-07-25T21:42',393,4276,1000,'AA653','Millennium Falcon',296,20,7),('British Airways','2019-06-21T09:05','2019-06-21T13:45',280,5087,500,'BA319','Boeing 747',437,14,18),('American Airlines','2019-03-12T20:31','2019-03-13T06:45',614,6154,500,'AA241','Boeing 747',224,20,21),('Air Canada','2019-11-29T19:49','2019-11-29T23:40',231,753,500,'AC846','A380',173,21,2),('British Airways','2019-09-04T19:16','2019-09-05T13:16',1080,9397,1000,'BA773','A310',129,18,12),('Finnair','2019-08-05T06:31','2019-08-06T05:32',1381,5329,200,'FA635','E-170',240,16,18),('Alaska Airlines','2019-05-06T15:01','2019-05-07T00:28',567,1638,200,'AS675','Boeing 747',265,23,26),('Frontier Airlines','2019-08-12T07:17','2019-08-13T20:03',2206,867,200,'F9269','Boeing 787',152,18,16),('WOW Air','2019-12-27T20:45','2019-12-28T22:31',1546,8528,1000,'WA674','A380',250,21,20),('Finnair','2019-09-21T20:33','2019-09-22T01:16',283,8807,500,'FA126','CRJ900',526,3,21),('Finnair','2019-10-12T20:46','2019-10-12T23:43',177,709,500,'FA962','A321',513,6,9),('Norwegian','2019-05-02T02:09','2019-05-02T10:16',487,1514,1000,'NW791','A220',526,30,16),('Delta Air Lines','2019-06-03T09:58','2019-06-03T21:53',715,1854,300,'DL463','A321',128,8,2),('Alaska Airlines','2019-02-27T21:27','2019-02-28T16:28',1141,1235,1000,'AS568','CRJ705',268,26,27),('Finnair','2019-08-02T22:06','2019-08-04T20:41',2795,5462,1000,'FA960','A321',557,27,26),('Alaska Airlines','2019-10-09T20:02','2019-10-09T23:58',236,8126,300,'AS891','Boeing 777',334,14,19),('Finnair','2019-08-02T12:52','2019-08-02T16:23',211,8574,300,'FA184','A340',415,21,13),('SAS','2019-07-09T01:45','2019-07-09T05:57',252,4163,300,'SA257','A319',387,5,17),('Frontier Airlines','2019-04-19T08:23','2019-04-20T08:07',1424,4207,500,'F9712','E-170',335,16,2),('JetBlue Airways','2019-10-05T19:42','2019-10-06T19:57',1455,3462,1000,'B6698','E-170',53,21,22),('Lufthansa','2019-03-23T20:40','2019-03-24T10:44',844,7339,1000,'LH268','CRJ705',580,5,17),('Finnair','2019-05-16T05:41','2019-05-17T03:46',1325,2362,500,'FA380','CRJ900',575,22,15),('Alaska Airlines','2019-07-24T12:26','2019-07-24T18:49',383,4131,200,'AS246','A320',516,25,2),('Lufthansa','2019-06-10T19:43','2019-06-11T08:29',766,8823,1000,'LH437','Millennium Falcon',57,30,25),('Alaska Airlines','2019-06-12T18:19','2019-06-13T09:16',897,6408,500,'AS565','CRJ1000',546,14,13),('Lufthansa','2019-10-23T05:15','2019-10-23T22:59',1064,9051,500,'LH758','A300',244,3,14),('JetBlue Airways','2019-02-19T02:41','2019-02-20T13:11',2070,9393,500,'B6187','Boeing 767',252,28,4),('JetBlue Airways','2019-08-17T14:23','2019-08-18T23:33',1990,950,300,'B6388','A310',128,23,15),('SAS','2019-10-12T17:41','2019-10-13T00:16',395,9101,500,'SA273','CRJ700',447,1,8),('Lufthansa','2019-11-09T10:28','2019-11-10T05:01',1113,6893,300,'LH424','CRJ900',370,13,8),('Air Canada','2019-10-12T05:03','2019-10-13T08:04',1621,1903,500,'AC882','Boeing 737',121,16,2),('Air Canada','2019-08-03T22:08','2019-08-05T06:10',1922,3482,200,'AC237','A350',423,10,26),('Alaska Airlines','2019-02-15T13:43','2019-02-16T21:52',1929,1958,1000,'AS479','A340',406,15,20),('Frontier Airlines','2019-04-05T11:55','2019-04-06T20:42',1967,9301,500,'F9537','Boeing 737',383,12,3),('Delta Air Lines','2019-01-06T06:52','2019-01-07T13:22',1830,7414,500,'DL485','Boeing 777',546,19,10),('Air Canada','2019-03-27T09:30','2019-03-28T07:47',1337,6227,300,'AC284','E-170',579,12,20),('Delta Air Lines','2019-05-05T10:53','2019-05-06T17:18',1825,2377,500,'DL427','A319',91,16,11),('Air Canada','2019-05-06T22:10','2019-05-08T12:51',2321,7300,1000,'AC323','A319',55,12,5),('British Airways','2019-12-20T00:24','2019-12-21T04:10',1666,8042,200,'BA617','CRJ900',213,22,6),('Finnair','2019-10-09T22:19','2019-10-11T10:49',2190,9312,500,'FA684','CRJ900',290,29,20),('British Airways','2019-09-06T21:35','2019-09-07T13:25',950,2665,200,'BA901','Boeing 787',104,22,23),('Alaska Airlines','2019-08-12T12:04','2019-08-12T18:58',414,2897,200,'AS799','Boeing 787',571,7,14),('British Airways','2019-04-20T16:08','2019-04-20T20:26',258,6307,300,'BA906','A380',445,6,26),('Frontier Airlines','2019-03-06T02:54','2019-03-07T06:17',1643,2387,300,'F9761','Boeing 767',560,29,17),('British Airways','2019-09-13T20:10','2019-09-14T00:27',257,4674,1000,'BA160','Millennium Falcon',170,3,12),('Norwegian','2019-08-23T18:53','2019-08-24T03:24',511,4785,300,'NW588','A340',422,14,9),('Delta Air Lines','2019-10-22T13:50','2019-10-22T19:42',352,3871,200,'DL899','E-175',84,6,3),('Frontier Airlines','2019-02-05T15:17','2019-02-05T22:19',422,7769,300,'F9719','Boeing 787',578,26,23),('SAS','2019-08-22T20:15','2019-08-22T23:56',221,4624,500,'SA526','A318',509,9,21),('Norwegian','2019-02-04T14:36','2019-02-05T13:37',1381,8836,200,'NW907','Boeing 767',354,29,14),('Delta Air Lines','2019-09-08T14:49','2019-09-09T12:08',1279,9012,500,'DL537','CRJ900',246,11,3),('Air Canada','2019-03-02T17:14','2019-03-02T22:49',335,4862,300,'AC644','A321',471,20,24),('Air Canada','2019-04-05T20:48','2019-04-06T23:54',1626,1426,500,'AC468','E-195',456,19,29),('Delta Air Lines','2019-09-17T22:06','2019-09-19T15:49',2503,2528,200,'DL763','A321',323,21,4),('American Airlines','2019-09-20T02:41','2019-09-20T15:25',764,7354,500,'AA467','Boeing 777',353,23,13),('Air Canada','2019-06-30T19:14','2019-06-30T22:03',169,7683,200,'AC340','A380',359,11,15),('SAS','2019-01-13T05:03','2019-01-14T17:20',2177,746,1000,'SA417','A321',202,3,21),('Alaska Airlines','2019-08-25T21:45','2019-08-26T19:39',1314,2822,500,'AS222','Boeing 777',183,17,27),('SAS','2019-02-07T10:40','2019-02-07T21:58',678,3214,300,'SA281','A310',427,7,3),('British Airways','2019-04-17T10:39','2019-04-18T05:07',1108,2434,1000,'BA372','A300',597,10,26),('Air Canada','2019-11-23T08:54','2019-11-24T15:33',1839,3853,500,'AC279','A319',215,9,11),('Finnair','2019-12-27T19:11','2019-12-28T19:57',1486,4110,300,'FA514','A220',278,12,6),('Alaska Airlines','2019-06-25T01:40','2019-06-26T10:59',1999,5492,300,'AS214','CRJ900',107,23,4),('Finnair','2019-05-13T19:49','2019-05-14T08:01',732,3612,1000,'FA743','CRJ900',344,7,28),('Frontier Airlines','2019-06-20T03:32','2019-06-21T12:59',2007,5440,300,'F9595','Boeing 737',261,14,21),('Air Canada','2019-11-07T18:41','2019-11-07T22:57',256,3580,500,'AC298','CRJ700',95,24,5),('JetBlue Airways','2019-06-16T05:24','2019-06-16T13:14',470,1019,500,'B6889','A320',542,10,17),('Air Canada','2019-12-02T10:06','2019-12-03T20:53',2087,2892,300,'AC381','A220',490,20,5),('JetBlue Airways','2019-02-19T13:14','2019-02-19T20:56',462,3551,300,'B6614','CRJ1000',255,14,11),('Air Canada','2019-04-05T05:13','2019-04-05T13:47',514,3518,500,'AC586','Boeing 767',457,26,3),('Lufthansa','2019-11-25T06:11','2019-11-25T12:16',365,618,300,'LH464','E-170',90,18,7),('Lufthansa','2019-04-07T12:40','2019-04-08T13:03',1463,6388,200,'LH794','E-170',265,2,17),('Alaska Airlines','2019-12-07T10:31','2019-12-08T21:05',2074,6992,300,'AS815','E-170',334,10,25),('Alaska Airlines','2019-11-10T19:37','2019-11-11T20:34',1497,7341,500,'AS246','Boeing 767',445,7,27),('JetBlue Airways','2019-11-14T17:10','2019-11-14T23:48',398,9113,500,'B6352','Boeing 787',203,26,7),('Finnair','2019-03-29T12:01','2019-03-29T18:08',367,4862,300,'FA392','A330',521,7,24),('Lufthansa','2019-08-30T18:32','2019-08-30T22:28',236,5092,500,'LH507','A330',507,13,28),('Frontier Airlines','2019-09-08T18:25','2019-09-08T22:19',234,5221,300,'F9641','A330',271,6,24),('Frontier Airlines','2019-11-20T12:37','2019-11-21T14:01',1524,6682,500,'F9577','Boeing 777',344,8,13),('American Airlines','2019-12-08T14:43','2019-12-08T23:55',552,9634,1000,'AA920','E-190',85,8,22),('JetBlue Airways','2019-02-21T08:49','2019-02-21T19:10',621,9871,500,'B6550','A330',93,4,3),('Delta Air Lines','2019-09-03T04:47','2019-09-04T09:39',1732,8200,500,'DL919','A319',130,22,10),('Alaska Airlines','2019-07-03T11:01','2019-07-04T04:13',1032,9961,500,'AS287','A300',63,5,24),('Frontier Airlines','2019-08-05T01:33','2019-08-06T13:54',2181,2760,200,'F9813','A220',336,19,20),('Finnair','2019-05-29T06:34','2019-05-30T13:55',1881,2382,1000,'FA250','E-190',390,30,4),('British Airways','2019-02-30T23:23','2019-02-32T14:30',2347,678,300,'BA680','CRJ900',65,22,23),('Norwegian','2019-07-15T15:19','2019-07-15T20:33',314,6951,500,'NW215','A220',421,22,6),('JetBlue Airways','2019-01-14T13:14','2019-01-14T19:30',376,2372,200,'B6498','A310',499,17,11),('Finnair','2019-12-22T18:53','2019-12-23T15:51',1258,2638,300,'FA991','Millennium Falcon',568,16,17),('Air Canada','2019-08-30T02:19','2019-08-31T21:36',2597,2822,300,'AC260','E-170',277,5,28),('Lufthansa','2019-10-29T06:43','2019-10-29T11:37',294,9536,1000,'LH427','Boeing 747',585,26,29),('Air Canada','2019-08-20T23:18','2019-08-22T19:24',2646,1728,300,'AC246','CRJ700',384,25,2),('Alaska Airlines','2019-02-10T19:42','2019-02-11T15:19',1177,6929,200,'AS699','CRJ900',209,18,20),('Alaska Airlines','2019-12-17T15:10','2019-12-18T14:23',1393,9221,200,'AS494','A340',161,17,13),('WOW Air','2019-06-25T05:09','2019-06-25T11:44',395,6692,500,'WA527','E-195',268,9,26),('SAS','2019-12-26T07:01','2019-12-27T11:32',1711,7102,500,'SA375','A310',222,30,3),('Finnair','2019-08-19T09:24','2019-08-20T13:05',1661,7555,1000,'FA267','A350',278,8,12),('Delta Air Lines','2019-10-25T21:01','2019-10-26T22:32',1531,5234,500,'DL946','A319',67,5,20),('JetBlue Airways','2019-09-09T03:27','2019-09-09T22:49',1162,8656,1000,'B6480','Boeing 777',127,13,21),('Frontier Airlines','2019-07-14T18:34','2019-07-14T21:12',158,4373,300,'F9516','SR-71 Blackbird',133,9,16),('SAS','2019-06-04T07:30','2019-06-04T14:51',441,9235,200,'SA769','A220',552,28,26),('Finnair','2019-06-11T13:42','2019-06-12T03:51',849,6360,300,'FA219','Boeing 737',521,22,10),('Air Canada','2019-12-25T02:53','2019-12-25T18:55',962,5153,200,'AC393','E-190',248,13,18),('Frontier Airlines','2019-10-09T03:34','2019-10-10T20:26',2452,5546,300,'F9474','E-170',142,28,29),('JetBlue Airways','2019-07-27T10:43','2019-07-28T15:43',1740,5260,200,'B6312','A319',174,27,4),('Lufthansa','2019-05-20T12:31','2019-05-20T17:13',282,5364,300,'LH173','SR-71 Blackbird',390,22,15),('Frontier Airlines','2019-07-10T16:39','2019-07-10T22:03',324,1846,200,'F9542','Boeing 787',258,29,25),('Lufthansa','2019-11-09T01:53','2019-11-10T18:41',2448,4602,300,'LH876','E-170',123,24,29),('Air Canada','2019-05-24T08:11','2019-05-24T13:03',292,7385,200,'AC364','Boeing 767',241,25,22),('Alaska Airlines','2019-09-05T17:12','2019-09-05T20:14',182,7172,300,'AS831','CRJ1000',455,29,18),('Air Canada','2019-09-05T21:56','2019-09-06T09:06',670,1503,500,'AC224','Boeing 767',374,15,4),('Frontier Airlines','2019-04-21T14:00','2019-04-21T21:36',456,4306,300,'F9380','SR-71 Blackbird',366,12,18),('WOW Air','2019-04-15T11:53','2019-04-16T02:26',873,1364,300,'WA997','E-195',386,7,18),('Alaska Airlines','2019-09-07T08:09','2019-09-07T22:34',865,2180,1000,'AS603','A318',560,2,28),('SAS','2019-06-03T08:44','2019-06-03T15:44',420,1793,300,'SA633','E-170',433,2,6),('Alaska Airlines','2019-10-23T14:51','2019-10-24T18:28',1657,2078,500,'AS600','Boeing 767',196,12,15),('Alaska Airlines','2019-06-04T23:30','2019-06-06T17:57',2547,6451,500,'AS203','A310',87,8,9),('JetBlue Airways','2019-01-01T09:32','2019-01-01T13:44',252,2649,300,'B6833','CRJ700',355,25,30),('Alaska Airlines','2019-07-07T04:49','2019-07-07T22:16',1047,5921,300,'AS558','A310',248,7,1),('Finnair','2019-08-19T18:27','2019-08-20T21:19',1612,7628,500,'FA651','A220',464,24,14),('JetBlue Airways','2019-02-10T00:34','2019-02-11T02:35',1561,6229,200,'B6433','A310',280,21,27),('Lufthansa','2019-11-24T05:27','2019-11-24T11:36',369,9948,1000,'LH629','E-190',111,8,23),('Alaska Airlines','2019-02-12T05:12','2019-02-12T20:41',929,1075,500,'AS909','A310',165,20,11),('Frontier Airlines','2019-03-29T21:36','2019-03-30T06:39',543,8794,300,'F9545','CRJ700',463,5,15),('JetBlue Airways','2019-07-04T18:20','2019-07-05T13:41',1161,9272,500,'B6217','SR-71 Blackbird',575,13,4),('Delta Air Lines','2019-06-11T17:38','2019-06-12T08:18',880,4496,200,'DL570','CRJ900',98,6,26),('Lufthansa','2019-06-11T16:30','2019-06-12T10:15',1065,3587,300,'LH387','A330',230,5,15),('Air Canada','2019-10-17T17:08','2019-10-18T20:51',1663,8062,300,'AC694','E-175',551,8,3),('Frontier Airlines','2019-03-21T07:37','2019-03-21T15:51',494,5491,500,'F9172','Boeing 747',56,21,3),('SAS','2019-05-28T17:18','2019-05-29T12:51',1173,1767,500,'SA292','E-175',181,2,19),('SAS','2019-05-05T03:46','2019-05-05T20:06',980,2032,300,'SA588','Boeing 777',592,23,28),('Alaska Airlines','2019-03-24T13:05','2019-03-24T19:34',389,2730,200,'AS856','CRJ705',56,9,25),('Finnair','2019-12-27T13:07','2019-12-27T23:35',628,8852,500,'FA735','Boeing 737',219,19,22),('Frontier Airlines','2019-08-08T18:09','2019-08-09T07:53',824,4953,500,'F9477','A310',534,19,7),('Lufthansa','2019-07-27T03:38','2019-07-27T07:20',222,2543,1000,'LH814','A318',160,18,5),('Finnair','2019-10-25T23:19','2019-10-27T22:01',2802,1371,500,'FA179','Boeing 767',316,20,7),('Alaska Airlines','2019-09-16T16:04','2019-09-16T21:20',316,4921,300,'AS396','A300',183,19,10),('Finnair','2019-09-03T23:42','2019-09-05T17:13',2491,2965,200,'FA606','A380',455,29,9),('Delta Air Lines','2019-09-02T19:05','2019-09-03T05:04',599,2207,300,'DL595','A350',479,24,1),('Lufthansa','2019-03-09T18:20','2019-03-10T00:50',390,3171,500,'LH603','Boeing 787',390,4,23),('Delta Air Lines','2019-02-03T06:03','2019-02-03T13:12',429,3963,200,'DL335','CRJ705',56,29,8),('JetBlue Airways','2019-08-10T18:34','2019-08-10T22:33',239,4523,300,'B6715','A321',467,6,8),('Alaska Airlines','2019-10-17T16:23','2019-10-17T22:31',368,9034,500,'AS344','A321',316,25,14),('Delta Air Lines','2019-11-25T03:10','2019-11-25T22:57',1187,1395,500,'DL911','A300',315,22,26),('Frontier Airlines','2019-12-13T22:42','2019-12-15T13:55',2353,5779,500,'F9387','E-175',430,17,16),('American Airlines','2019-11-05T15:02','2019-11-06T14:32',1410,4823,200,'AA446','A319',395,13,6),('Frontier Airlines','2019-05-06T00:32','2019-05-07T19:22',2570,2940,500,'F9237','E-190',152,6,23),('JetBlue Airways','2019-09-19T09:54','2019-09-19T19:28',574,6941,200,'B6414','E-195',569,6,18),('Alaska Airlines','2019-02-09T02:52','2019-02-10T00:46',1314,1203,500,'AS116','SR-71 Blackbird',251,22,26),('Alaska Airlines','2019-06-25T19:54','2019-06-25T23:46',232,9346,500,'AS459','A340',527,15,17),('Lufthansa','2019-03-07T08:45','2019-03-07T14:15',330,5045,500,'LH721','Boeing 787',347,24,16),('Lufthansa','2019-10-17T10:26','2019-10-17T20:38',612,4171,500,'LH777','Boeing 777',499,20,5),('Finnair','2019-06-10T10:11','2019-06-11T11:20',1509,8734,300,'FA219','E-170',557,21,4),('American Airlines','2019-04-22T17:19','2019-04-22T22:49',330,777,500,'AA622','E-195',308,22,17),('Finnair','2019-01-01T13:58','2019-01-02T20:02',1804,4197,300,'FA695','Boeing 787',547,24,2),('JetBlue Airways','2019-08-04T03:51','2019-08-05T17:03',2232,2575,200,'B6439','CRJ705',407,13,10),('British Airways','2019-03-02T20:36','2019-03-03T17:21',1245,7043,200,'BA986','A330',289,23,19),('JetBlue Airways','2019-04-26T13:17','2019-04-26T21:03',466,5310,500,'B6388','A318',370,25,8),('Finnair','2019-06-29T03:57','2019-06-29T11:04',427,9010,200,'FA286','CRJ700',570,26,14),('Norwegian','2019-07-12T09:11','2019-07-13T11:27',1576,6089,200,'NW972','A319',416,11,17),('Frontier Airlines','2019-04-25T20:29','2019-04-26T14:07',1058,9885,300,'F9914','A318',571,3,10),('Lufthansa','2019-11-15T07:42','2019-11-15T21:16',814,9762,300,'LH466','A340',148,14,23),('Delta Air Lines','2019-07-12T19:03','2019-07-12T22:18',195,3083,200,'DL546','Boeing 767',195,26,10),('Lufthansa','2019-05-09T14:06','2019-05-09T22:32',506,5792,300,'LH139','E-195',62,15,6),('JetBlue Airways','2019-02-13T13:14','2019-02-13T17:58',284,9288,200,'B6506','CRJ705',160,28,3),('Air Canada','2019-10-19T21:27','2019-10-19T24:47',200,4016,500,'AC891','Boeing 747',574,27,29),('Air Canada','2019-02-14T12:43','2019-02-14T19:07',384,3767,300,'AC347','Boeing 737',172,4,20),('Lufthansa','2019-02-05T13:18','2019-02-06T11:11',1313,4547,500,'LH791','A320',58,9,20),('Frontier Airlines','2019-09-12T20:16','2019-09-13T14:11',1075,2919,500,'F9662','A318',453,15,21),('Norwegian','2019-11-14T12:57','2019-11-14T23:39',642,1993,300,'NW652','A300',123,2,29),('Norwegian','2019-03-28T10:25','2019-03-29T16:53',1828,7374,1000,'NW975','E-175',243,9,15),('Delta Air Lines','2019-04-26T01:54','2019-04-26T23:41',1307,5254,500,'DL372','A318',481,24,27),('British Airways','2019-11-28T01:51','2019-11-29T16:46',2335,1995,500,'BA110','A320',499,20,4),('SAS','2019-08-07T04:35','2019-08-08T01:05',1230,3922,200,'SA356','A318',165,7,30),('JetBlue Airways','2019-10-18T18:32','2019-10-19T12:46',1094,8390,500,'B6266','Boeing 737',579,24,7),('Delta Air Lines','2019-03-23T09:01','2019-03-23T14:09',308,1567,300,'DL329','Millennium Falcon',420,12,17),('Air Canada','2019-08-07T04:49','2019-08-08T21:33',2444,3137,500,'AC307','Boeing 767',51,3,28),('Alaska Airlines','2019-10-14T19:40','2019-10-14T23:01',201,2827,300,'AS141','CRJ700',346,23,22),('SAS','2019-08-23T03:55','2019-08-23T21:54',1079,7799,500,'SA311','SR-71 Blackbird',424,26,20),('Lufthansa','2019-10-08T10:18','2019-10-08T22:42',744,6837,300,'LH586','Boeing 787',83,19,21),('Lufthansa','2019-05-22T10:54','2019-05-23T14:47',1673,2346,500,'LH180','CRJ705',209,29,7),('British Airways','2019-08-15T02:43','2019-08-15T07:34',291,6237,300,'BA100','E-170',366,28,6),('Finnair','2019-01-21T09:30','2019-01-21T19:13',583,521,300,'FA171','CRJ700',135,9,1),('JetBlue Airways','2019-09-15T09:55','2019-09-16T19:09',1994,1034,200,'B6229','E-195',261,10,12),('British Airways','2019-06-05T13:36','2019-06-06T08:47',1151,5886,1000,'BA993','Boeing 737',67,25,4),('British Airways','2019-08-10T12:28','2019-08-10T16:06',218,3784,200,'BA646','Boeing 787',211,21,19),('Frontier Airlines','2019-07-11T06:29','2019-07-12T10:16',1667,5072,200,'F9479','A320',95,23,15),('Alaska Airlines','2019-12-30T15:15','2019-12-31T01:13',598,2033,500,'AS668','CRJ700',265,10,27),('Frontier Airlines','2019-05-14T09:02','2019-05-14T18:21',559,7240,500,'F9242','Boeing 787',92,10,29),('Norwegian','2019-06-14T15:12','2019-06-14T19:51',279,4972,300,'NW227','A330',518,19,4),('WOW Air','2019-12-10T13:50','2019-12-11T14:20',1470,7513,500,'WA338','A319',185,25,19),('Finnair','2019-06-13T04:20','2019-06-13T21:31',1031,1865,200,'FA360','A321',142,10,15),('American Airlines','2019-04-15T14:00','2019-04-16T09:52',1192,9801,500,'AA588','CRJ1000',71,29,27),('JetBlue Airways','2019-10-08T08:22','2019-10-08T15:46',444,6888,300,'B6110','SR-71 Blackbird',346,3,25),('Frontier Airlines','2019-07-10T20:02','2019-07-11T10:22',860,7684,500,'F9698','A320',514,7,12),('Lufthansa','2019-11-02T16:30','2019-11-02T21:51',321,5410,300,'LH763','Boeing 777',88,20,25),('Alaska Airlines','2019-07-16T10:01','2019-07-17T05:37',1176,9014,500,'AS667','A330',471,10,6),('SAS','2019-08-05T00:45','2019-08-06T09:09',1944,5980,1000,'SA822','CRJ900',357,16,23),('SAS','2019-08-23T00:39','2019-08-23T11:42',663,1646,1000,'SA427','E-195',113,6,27),('American Airlines','2019-05-07T10:04','2019-05-07T19:25',561,1456,200,'AA127','A330',372,17,3),('Air Canada','2019-09-26T20:24','2019-09-27T05:29',545,8270,500,'AC857','A330',455,22,11),('Alaska Airlines','2019-06-03T13:47','2019-06-03T20:01',374,3691,300,'AS560','A320',492,28,23),('SAS','2019-11-09T07:34','2019-11-09T13:24',350,7844,300,'SA978','CRJ705',468,18,10),('Finnair','2019-04-02T03:05','2019-04-02T07:38',273,8642,500,'FA850','A350',505,23,19),('Air Canada','2019-11-25T04:10','2019-11-26T15:43',2133,654,500,'AC539','A310',245,17,23),('Delta Air Lines','2019-03-23T18:08','2019-03-23T21:10',182,9323,1000,'DL829','E-190',504,16,19),('WOW Air','2019-07-29T20:42','2019-07-29T23:25',163,4085,1000,'WA481','E-195',100,24,14),('Alaska Airlines','2019-07-16T10:11','2019-07-16T15:30',319,4572,300,'AS216','A220',67,10,13),('Delta Air Lines','2019-03-22T07:45','2019-03-22T20:50',785,2874,200,'DL244','E-170',296,25,2),('Norwegian','2019-04-22T11:53','2019-04-23T15:30',1657,1212,200,'NW529','A320',513,20,19),('Frontier Airlines','2019-10-29T04:01','2019-10-29T21:17',1036,2353,300,'F9895','Boeing 737',324,22,16),('Alaska Airlines','2019-02-20T07:44','2019-02-20T20:28',764,1722,200,'AS517','SR-71 Blackbird',267,25,17),('Air Canada','2019-08-13T15:58','2019-08-14T08:35',997,3645,500,'AC423','A319',401,5,8),('Frontier Airlines','2019-08-07T21:16','2019-08-08T17:05',1189,4618,200,'F9368','A318',233,12,14),('Alaska Airlines','2019-04-29T01:19','2019-04-30T15:45',2306,2833,200,'AS762','SR-71 Blackbird',321,27,3),('British Airways','2019-03-10T05:07','2019-03-10T09:58',291,8812,1000,'BA319','Boeing 777',595,26,4),('Frontier Airlines','2019-11-27T12:06','2019-11-27T18:20',374,9218,200,'F9758','Boeing 787',218,1,26),('Air Canada','2019-11-27T22:22','2019-11-29T14:06',2384,7571,500,'AC724','A319',546,29,15),('JetBlue Airways','2019-05-03T04:30','2019-05-03T19:28',898,3726,1000,'B6743','Millennium Falcon',394,10,12),('Finnair','2019-08-13T04:23','2019-08-14T01:13',1250,5771,200,'FA673','E-175',69,20,1),('Frontier Airlines','2019-04-21T18:34','2019-04-21T23:24',290,1524,300,'F9248','Boeing 767',456,16,13),('Norwegian','2019-05-01T03:58','2019-05-01T17:27',809,7607,500,'NW417','A319',451,5,4),('WOW Air','2019-03-23T16:06','2019-03-24T09:37',1051,7705,200,'WA464','A220',515,29,27),('Alaska Airlines','2019-04-03T22:50','2019-04-05T22:16',2846,8153,500,'AS608','Boeing 777',210,5,15),('Finnair','2019-09-03T11:47','2019-09-04T19:35',1908,5324,300,'FA869','E-190',342,8,16),('Lufthansa','2019-02-18T04:27','2019-02-19T20:51',2424,5439,500,'LH161','A220',178,18,12),('SAS','2019-09-05T02:41','2019-09-05T19:35',1014,5595,500,'SA302','CRJ700',426,21,7),('Air Canada','2019-01-08T09:03','2019-01-08T14:15',312,8019,500,'AC928','E-195',361,20,29),('Alaska Airlines','2019-10-30T21:57','2019-10-31T14:22',985,8418,200,'AS427','Boeing 747',197,26,18),('British Airways','2019-05-14T08:15','2019-05-15T10:04',1549,554,200,'BA476','A321',226,10,21),('SAS','2019-09-16T05:53','2019-09-17T06:18',1465,9146,500,'SA548','A320',520,28,6),('WOW Air','2019-11-21T18:04','2019-11-21T22:25',261,545,500,'WA572','Boeing 787',200,12,8),('British Airways','2019-05-09T22:18','2019-05-11T15:30',2472,5978,500,'BA646','A330',323,16,4),('Delta Air Lines','2019-05-06T02:32','2019-05-06T15:42',790,2691,300,'DL850','CRJ700',536,25,15),('Finnair','2019-07-24T19:51','2019-07-25T08:34',763,4769,300,'FA523','Boeing 767',334,16,20),('Alaska Airlines','2019-10-28T23:52','2019-10-30T22:06',2774,4249,1000,'AS159','A340',144,14,7),('Frontier Airlines','2019-02-01T19:10','2019-02-01T23:09',239,8241,500,'F9875','A340',215,21,3),('Norwegian','2019-08-06T15:34','2019-08-07T09:10',1056,8385,1000,'NW792','A321',479,2,18),('Frontier Airlines','2019-04-20T08:36','2019-04-20T13:08',272,1202,500,'F9596','A220',355,4,10),('British Airways','2019-02-05T22:15','2019-02-07T06:46',1951,9815,300,'BA980','A380',248,5,29),('SAS','2019-09-06T14:25','2019-09-07T07:10',1005,7584,300,'SA764','SR-71 Blackbird',429,29,4),('Alaska Airlines','2019-10-22T18:02','2019-10-23T15:03',1261,9473,500,'AS624','A319',273,24,14),('Finnair','2019-09-17T13:20','2019-09-18T16:09',1609,1124,300,'FA939','CRJ705',265,14,10),('Air Canada','2019-11-16T02:54','2019-11-16T16:16',802,5500,500,'AC907','Boeing 787',364,29,13),('JetBlue Airways','2019-02-11T01:45','2019-02-12T17:42',2397,1753,300,'B6752','Boeing 747',452,5,13),('Alaska Airlines','2019-10-04T07:45','2019-10-04T14:00',375,7642,500,'AS164','Boeing 787',489,14,7),('American Airlines','2019-10-11T12:14','2019-10-11T16:01',227,1771,300,'AA213','CRJ1000',599,25,4),('Air Canada','2019-05-25T03:15','2019-05-26T06:04',1609,7574,300,'AC179','A220',173,14,5),('Air Canada','2019-06-13T15:35','2019-06-13T22:44',429,2445,300,'AC333','CRJ900',348,28,19),('Frontier Airlines','2019-04-13T08:43','2019-04-14T00:26',943,8101,500,'F9123','A318',246,20,3),('Lufthansa','2019-11-29T10:09','2019-11-29T15:55',346,8995,200,'LH369','Boeing 737',101,23,5),('Frontier Airlines','2019-06-29T06:40','2019-06-30T17:54',2114,3597,1000,'F9353','E-175',140,26,13),('Norwegian','2019-10-30T12:25','2019-10-31T17:11',1726,9480,500,'NW344','E-190',259,29,17),('WOW Air','2019-10-12T02:01','2019-10-12T06:07',246,6060,300,'WA536','A321',455,19,10),('Alaska Airlines','2019-01-18T19:05','2019-01-18T23:38',273,1993,1000,'AS340','Boeing 737',227,10,27),('Finnair','2019-08-08T03:57','2019-08-09T16:45',2208,7338,200,'FA251','CRJ900',527,10,14),('Frontier Airlines','2019-02-28T17:29','2019-02-29T21:53',1704,4742,200,'F9551','A321',201,30,9),('British Airways','2019-12-07T05:52','2019-12-07T09:57',245,9515,500,'BA527','SR-71 Blackbird',94,22,4),('Alaska Airlines','2019-09-02T18:39','2019-09-03T12:01',1042,4851,200,'AS707','A380',148,27,24),('Finnair','2019-11-14T11:58','2019-11-14T19:17',439,8568,1000,'FA106','A380',260,5,1),('Alaska Airlines','2019-03-23T04:20','2019-03-23T20:07',947,9149,300,'AS779','Boeing 767',535,29,12),('WOW Air','2019-03-04T21:24','2019-03-04T24:06',162,8916,1000,'WA919','A318',254,2,23),('Air Canada','2019-06-24T09:18','2019-06-24T14:29',311,8372,200,'AC290','A330',170,12,30),('WOW Air','2019-09-06T15:18','2019-09-07T11:53',1235,8631,1000,'WA318','Boeing 737',559,4,29),('British Airways','2019-09-05T10:28','2019-09-06T21:52',2124,5107,300,'BA907','A300',56,24,15),('Finnair','2019-07-06T14:39','2019-07-06T21:09',390,7933,200,'FA156','Millennium Falcon',293,18,9),('Lufthansa','2019-06-24T19:32','2019-06-25T12:21',1009,3137,300,'LH784','A330',291,18,9),('SAS','2019-03-16T00:50','2019-03-17T03:14',1584,1371,500,'SA208','Boeing 737',540,16,15),('American Airlines','2019-08-27T09:27','2019-08-28T06:15',1248,7727,200,'AA990','A350',221,23,30),('WOW Air','2019-07-08T15:58','2019-07-09T04:16',738,1333,200,'WA986','Boeing 787',239,8,3),('American Airlines','2019-10-23T03:23','2019-10-24T10:00',1837,785,1000,'AA869','CRJ700',102,26,3),('SAS','2019-11-10T08:27','2019-11-10T17:56',569,3485,500,'SA926','Boeing 777',462,5,19),('JetBlue Airways','2019-08-24T06:30','2019-08-24T16:32',602,3944,500,'B6230','CRJ1000',159,2,16),('Air Canada','2019-09-22T20:18','2019-09-22T23:10',172,9179,1000,'AC663','Boeing 767',303,1,21),('Norwegian','2019-04-22T16:50','2019-04-22T22:18',328,1936,500,'NW244','A380',525,24,18),('Norwegian','2019-09-01T21:19','2019-09-02T13:19',960,912,300,'NW611','CRJ900',169,8,20),('JetBlue Airways','2019-05-04T15:42','2019-05-05T22:19',1837,1195,1000,'B6786','A320',503,10,21),('JetBlue Airways','2019-11-23T02:48','2019-11-23T11:52',544,5268,200,'B6264','A300',478,29,5),('British Airways','2019-04-12T01:39','2019-04-13T14:59',2240,6949,300,'BA164','CRJ705',229,25,12),('JetBlue Airways','2019-03-16T14:15','2019-03-17T02:53',758,887,300,'B6279','A300',143,24,5),('Finnair','2019-07-08T21:38','2019-07-08T23:03',85,3162,1000,'FA390','E-195',347,24,19),('SAS','2019-04-17T01:23','2019-04-17T11:41',618,526,500,'SA968','E-195',85,27,17),('American Airlines','2019-05-02T21:14','2019-05-03T14:50',1056,6180,500,'AA925','A330',370,11,6),('Lufthansa','2019-11-24T18:55','2019-11-25T12:27',1052,9132,300,'LH300','Boeing 777',381,29,12),('Delta Air Lines','2019-09-07T16:12','2019-09-07T20:16',244,1808,300,'DL131','CRJ705',79,30,12),('Norwegian','2019-04-02T17:54','2019-04-03T16:44',1370,3648,500,'NW379','A321',115,4,15),('Alaska Airlines','2019-10-09T12:03','2019-10-09T17:38',335,2425,300,'AS675','Boeing 787',417,1,21),('JetBlue Airways','2019-07-29T10:53','2019-07-30T16:44',1791,3728,200,'B6122','CRJ900',249,6,12),('Finnair','2019-09-07T20:12','2019-09-07T23:33',201,3920,500,'FA388','Boeing 737',189,25,18),('SAS','2019-03-04T11:05','2019-03-05T03:32',987,8218,300,'SA634','CRJ900',84,26,19),('WOW Air','2019-03-02T02:18','2019-03-02T07:03',285,3219,1000,'WA891','E-170',285,3,18),('Lufthansa','2019-08-06T22:08','2019-08-08T19:28',2720,3145,300,'LH124','A300',128,13,9),('Air Canada','2019-03-28T16:00','2019-03-29T00:22',502,2866,200,'AC773','A318',209,4,28),('Lufthansa','2019-05-14T11:37','2019-05-15T16:47',1750,3821,500,'LH248','A380',595,4,19),('Frontier Airlines','2019-02-22T01:54','2019-02-22T21:22',1168,870,300,'F9971','Boeing 747',541,12,14),('JetBlue Airways','2019-04-15T15:35','2019-04-15T23:50',495,8642,200,'B6990','Boeing 747',91,22,9),('SAS','2019-08-05T09:48','2019-08-06T16:29',1841,5052,300,'SA841','E-195',584,16,4),('British Airways','2019-06-25T23:13','2019-06-27T05:38',1825,2977,500,'BA166','CRJ700',261,3,16),('Frontier Airlines','2019-04-11T04:47','2019-04-11T12:47',480,3488,300,'F9485','Boeing 737',189,13,15),('Delta Air Lines','2019-02-11T05:28','2019-02-11T11:33',365,652,500,'DL851','A350',290,14,22),('JetBlue Airways','2019-02-27T10:55','2019-02-28T08:34',1299,949,500,'B6338','A380',284,15,27),('WOW Air','2019-08-14T08:17','2019-08-14T12:25',248,1558,500,'WA787','A310',130,11,10),('Finnair','2019-10-15T12:05','2019-10-15T19:40',455,6556,300,'FA242','CRJ705',568,25,14),('Norwegian','2019-10-13T11:12','2019-10-14T06:43',1171,1527,200,'NW928','A310',321,10,12),('Delta Air Lines','2019-08-27T11:08','2019-08-27T21:46',638,2240,500,'DL331','Boeing 737',71,21,2),('Finnair','2019-04-02T07:06','2019-04-02T19:55',769,9667,200,'FA409','A300',51,18,28),('SAS','2019-05-28T21:56','2019-05-29T04:23',387,5478,500,'SA937','Boeing 747',303,1,29),('Lufthansa','2019-07-20T20:04','2019-07-20T23:01',177,6165,500,'LH997','A320',600,5,7),('Air Canada','2019-08-24T20:47','2019-08-24T23:10',143,4550,1000,'AC799','CRJ705',263,2,9),('British Airways','2019-07-15T03:18','2019-07-15T19:18',960,5250,300,'BA234','CRJ900',97,10,24),('Air Canada','2019-04-10T23:29','2019-04-12T14:13',2324,2400,300,'AC765','Boeing 787',130,4,21),('American Airlines','2019-06-06T12:54','2019-06-06T17:37',283,2280,300,'AA126','CRJ900',238,21,25),('Frontier Airlines','2019-12-16T03:36','2019-12-16T11:05',449,1844,300,'F9590','A310',74,21,16),('British Airways','2019-03-28T16:21','2019-03-28T21:29',308,7540,200,'BA516','A318',171,19,25),('Lufthansa','2019-12-08T13:14','2019-12-09T12:37',1403,3533,1000,'LH666','E-170',254,22,21),('Alaska Airlines','2019-12-29T19:39','2019-12-30T22:13',1594,9728,1000,'AS870','A220',271,16,26),('British Airways','2019-09-24T12:48','2019-09-24T23:01',613,5441,500,'BA492','A321',259,7,5),('SAS','2019-05-26T09:58','2019-05-26T15:01',303,1121,300,'SA115','Millennium Falcon',354,15,28),('Finnair','2019-11-22T15:11','2019-11-22T23:05',474,3518,200,'FA502','Boeing 777',170,13,4),('Finnair','2019-06-12T13:03','2019-06-12T22:55',592,2652,300,'FA816','Boeing 747',125,29,21),('Frontier Airlines','2019-08-04T01:30','2019-08-04T16:38',908,5490,300,'F9836','Boeing 767',225,23,1),('Norwegian','2019-04-21T16:33','2019-04-22T11:29',1136,1848,200,'NW581','A350',342,2,20),('SAS','2019-05-03T18:12','2019-05-03T21:33',201,2850,500,'SA381','E-195',514,24,3),('Norwegian','2019-10-25T11:41','2019-10-25T17:31',350,5684,200,'NW785','A330',312,21,5),('Air Canada','2019-05-09T18:00','2019-05-10T19:10',1510,2597,500,'AC675','A340',238,14,11),('British Airways','2019-06-11T19:38','2019-06-11T23:54',256,6060,300,'BA524','A310',467,29,27),('Norwegian','2019-11-13T20:03','2019-11-14T10:39',876,7891,500,'NW219','A380',314,13,30),('Finnair','2019-05-05T07:00','2019-05-06T06:39',1419,7550,500,'FA696','Boeing 777',77,28,8),('Frontier Airlines','2019-05-17T03:23','2019-05-18T02:13',1370,782,200,'F9924','E-175',178,25,26),('Delta Air Lines','2019-02-12T13:38','2019-02-12T21:31',473,3089,300,'DL456','A220',346,7,8),('Norwegian','2019-11-10T05:07','2019-11-10T19:38',871,8038,200,'NW464','Boeing 777',476,15,11),('Air Canada','2019-02-26T15:53','2019-02-26T20:11',258,3377,200,'AC593','CRJ705',383,5,7),('Alaska Airlines','2019-02-24T00:55','2019-02-25T07:52',1857,8216,500,'AS950','A340',245,18,8),('Delta Air Lines','2019-06-03T17:13','2019-06-04T14:19',1266,2532,1000,'DL547','A220',218,13,21),('Finnair','2019-05-29T14:23','2019-05-29T17:06',163,8021,300,'FA517','Boeing 787',61,7,9),('Norwegian','2019-12-03T21:32','2019-12-03T23:33',121,4740,300,'NW725','CRJ705',348,12,2),('SAS','2019-06-26T13:14','2019-06-26T20:53',459,7390,500,'SA666','A220',414,22,23),('Air Canada','2019-06-07T06:29','2019-06-07T16:21',592,2567,1000,'AC617','CRJ700',385,29,23),('British Airways','2019-03-19T18:23','2019-03-20T04:20',597,7344,300,'BA342','Boeing 787',203,25,5),('SAS','2019-05-02T07:51','2019-05-03T02:03',1092,7941,500,'SA416','SR-71 Blackbird',547,8,5),('WOW Air','2019-09-22T11:03','2019-09-23T16:28',1765,8513,300,'WA362','SR-71 Blackbird',98,15,2),('American Airlines','2019-02-07T03:02','2019-02-08T21:03',2521,8389,200,'AA987','Boeing 767',218,26,30);
INSERT INTO DBORDER (`AIRLINE`, `AIRPLANE`, `ATTENDEES`, `CANCELINSURANCE`, `DEPTIME`, `ARRTIME`, `DURATION`, `DEPARTURE`, `DESTINATION`, `TOTALPRICE`, `USER_ID`) VALUES ('JetBlue Airways','B6995','3','200','2019-04-10T11:40','2019-04-10T15:46','246','DME','LIS','13371','1'),('SAS','SA656','3','500','2019-08-10T10:07','2019-08-10T23:07','780','ATH','DME','4098','1'),('JetBlue Airways','B6664','2','300','2019-06-17T20:43','2019-06-18T03:34','411','STN','ORY','4014','1'),('Finnair','FA329','3','300','2019-03-27T13:27','2019-03-28T15:23','1556','ATH','MAN','4074','1'),('Delta Air Lines','DL363','3','200','2019-07-13T08:50','2019-07-13T15:37','407','SVO','AMS','4608','1'),('Delta Air Lines','DL749','2','200','2019-11-17T22:46','2019-11-19T11:26','2200','LIS','FCO','2340','1'),('WOW Air','WA637','3','200','2019-10-11T15:15','2019-10-11T19:20','245','SVO','LIS','8109','1'),('Lufthansa','LH556','3','300','2019-10-07T08:13','2019-10-07T11:12','179','FRA','CDG','3717','1'),('American Airlines','AA381','2','500','2019-02-15T18:51','2019-02-16T03:55','544','CPH','MXP','7508','1'),('Alaska Airlines','AS750','4','1000','2019-11-27T20:39','2019-11-28T02:22','343','MUC','MAN','28176','1'),('Alaska Airlines','AS516','2','300','2019-01-08T06:31','2019-01-08T17:10','639','STN','MXP','13204','2'),('WOW Air','WA628','2','500','2019-08-02T05:56','2019-08-02T17:11','675','DUB','OSL','15846','2'),('Finnair','FA436','3','200','2019-08-27T17:45','2019-08-27T21:26','221','STN','ATH','6009','2'),('JetBlue Airways','B6726','2','500','2019-08-16T07:32','2019-08-17T11:02','1650','ZRH','BRU','3714','2'),('Alaska Airlines','AS682','4','500','2019-10-08T16:44','2019-10-08T22:42','358','LGW','LIS','32076','2'),('SAS','SA786','2','300','2019-11-10T01:33','2019-11-10T06:06','273','CPH','STN','1694','2'),('British Airways','BA521','3','300','2019-07-09T15:07','2019-07-09T22:07','420','FCO','AMS','5538','2'),('Frontier Airlines','F9474','3','300','2019-02-15T14:12','2019-02-15T21:23','431','ARN','DUB','2220','2'),('SAS','SA669','2','200','2019-10-04T18:40','2019-10-04T23:22','282','TXL','CDG','10416','2'),('Delta Air Lines','DL766','4','200','2019-12-29T07:49','2019-12-29T13:04','315','VIE','DUB','36620','2'),('Norwegian','NW843','3','1000','2019-08-16T21:24','2019-08-16T23:44','140','BRU','SVO','28284','3'),('Lufthansa','LH293','4','500','2019-10-04T07:23','2019-10-04T20:11','768','HEL','LIS','4732','3'),('Norwegian','NW709','2','500','2019-09-15T10:52','2019-09-16T13:27','1595','ARN','BCN','15272','3'),('JetBlue Airways','B6931','2','200','2019-10-14T17:45','2019-10-15T14:33','1248','IST','PMI','19740','3'),('Frontier Airlines','F9775','2','500','2019-10-18T14:33','2019-10-19T23:49','1996','FRA','LIS','9652','3'),('Lufthansa','LH575','3','500','2019-08-14T08:38','2019-08-14T16:15','457','OSL','DME','14118','3'),('Alaska Airlines','AS114','3','200','2019-04-06T08:03','2019-04-07T03:24','1161','TXL','DUB','13761','3'),('Frontier Airlines','F9396','2','300','2019-07-05T09:59','2019-07-05T17:48','469','CDG','LIS','7784','3'),('WOW Air','WA924','4','200','2019-06-18T08:47','2019-06-18T20:41','714','OSL','DME','33064','3'),('Alaska Airlines','AS990','1','500','2019-04-20T20:48','2019-04-20T23:47','179','HEL','ZRH','4856','3'),('Frontier Airlines','F9392','2','500','2019-07-09T18:26','2019-07-09T23:35','309','CDG','ZRH','11082','4'),('WOW Air','WA731','3','500','2019-09-09T09:56','2019-09-10T07:26','1290','FCO','DME','24537','4'),('British Airways','BA756','2','200','2019-05-08T05:42','2019-05-08T09:44','242','VIE','AMS','19610','4'),('Air Canada','AC412','2','1000','2019-09-15T12:16','2019-09-15T19:44','448','IST','LIS','6074','4'),('Frontier Airlines','F9153','3','1000','2019-04-29T10:22','2019-04-30T07:01','1239','LIS','SVO','9771','4'),('SAS','SA163','3','200','2019-07-14T14:32','2019-07-14T18:27','235','STN','SVO','23526','4'),('Delta Air Lines','DL778','2','300','2019-05-21T22:56','2019-05-23T18:04','2588','BCN','AMS','5822','4'),('Finnair','FA397','4','500','2019-01-26T04:11','2019-01-26T17:34','803','SVO','ATH','11912','4'),('Air Canada','AC898','1','300','2019-07-23T16:50','2019-07-24T23:33','1843','BCN','VIE','7003','4'),('Lufthansa','LH489','1','1000','2019-08-25T14:25','2019-08-26T22:25','1920','CPH','FRA','1722','4'),('American Airlines','AA577','1','1000','2019-11-01T09:51','2019-11-01T15:44','353','CDG','LGW','8101','5'),('Frontier Airlines','F9170','3','1000','2019-05-16T04:13','2019-05-16T23:41','1168','ZRH','VIE','22965','5'),('JetBlue Airways','B6805','4','300','2019-08-24T20:43','2019-08-24T23:16','153','MAD','TXL','25316','5'),('Norwegian','NW173','3','500','2019-02-09T03:39','2019-02-09T17:59','860','PMI','OSL','9483','5'),('Delta Air Lines','DL977','2','200','2019-05-13T15:58','2019-05-13T19:19','201','TXL','LIS','8044','5'),('Norwegian','NW990','2','200','2019-03-08T06:03','2019-03-09T02:06','1203','ORY','LIS','17716','5'),('British Airways','BA127','4','1000','2019-07-28T13:24','2019-07-29T01:09','705','CPH','BCN','19212','5'),('Finnair','FA303','2','300','2019-11-19T13:49','2019-11-19T22:37','528','ORY','ZRH','10474','5'),('British Airways','BA929','2','500','2019-11-17T16:01','2019-11-17T21:32','331','DUS','ZRH','13652','5'),('Frontier Airlines','F9143','1','200','2019-09-24T06:51','2019-09-25T22:05','2354','SVO','ARN','846','5'),('JetBlue Airways','B6649','3','300','2019-10-15T22:49','2019-10-17T04:56','1807','FCO','ZRH','18288','6'),('WOW Air','WA143','2','300','2019-05-19T21:41','2019-05-19T24:38','177','IST','TXL','13320','6'),('SAS','SA391','3','1000','2019-02-28T14:10','2019-02-28T18:42','272','MAN','HEL','17310','6'),('SAS','SA628','4','500','2019-01-12T21:55','2019-01-12T24:25','150','CDG','IST','15096','6'),('Alaska Airlines','AS848','2','500','2019-10-26T13:33','2019-10-26T19:51','378','MXP','TXL','9190','6'),('Norwegian','NW289','4','200','2019-05-20T23:00','2019-05-22T03:13','1693','IST','FCO','13216','6'),('British Airways','BA839','3','200','2019-07-23T02:29','2019-07-24T14:11','2142','DUS','FCO','21366','6'),('JetBlue Airways','B6857','3','300','2019-04-28T09:33','2019-04-28T16:41','428','FRA','MAD','13041','6'),('Alaska Airlines','AS503','3','300','2019-06-06T11:45','2019-06-06T17:30','345','MAN','CPH','18426','6'),('Lufthansa','LH232','2','1000','2019-02-09T20:22','2019-02-09T23:54','212','HEL','ATH','5076','6'),('American Airlines','AA777','4','500','2019-06-25T19:23','2019-06-26T02:15','412','STN','SVO','18184','7'),('Finnair','FA596','3','300','2019-01-04T22:31','2019-01-06T22:52','2901','LHR','LGW','3804','7'),('SAS','SA291','1','200','2019-06-07T03:20','2019-06-08T14:40','2120','CPH','VIE','7664','7'),('Norwegian','NW221','2','500','2019-02-24T21:48','2019-02-25T21:28','1420','CPH','MAN','18072','7'),('Frontier Airlines','F9574','4','500','2019-03-18T17:22','2019-03-19T00:30','428','LIS','MXP','28728','7'),('Delta Air Lines','DL230','3','200','2019-06-15T18:18','2019-06-16T06:01','703','MAD','FRA','22185','7'),('Frontier Airlines','F9510','2','200','2019-11-14T22:21','2019-11-16T22:42','2901','LGW','ORY','15024','7'),('British Airways','BA499','2','500','2019-12-05T16:02','2019-12-06T13:23','1281','LHR','HEL','4960','7'),('British Airways','BA711','4','500','2019-06-16T17:27','2019-06-16T21:04','217','DUS','LGW','19636','7'),('Norwegian','NW991','3','300','2019-11-06T21:06','2019-11-07T05:50','524','AMS','HEL','17037','7'),('JetBlue Airways','B6212','2','1000','2019-04-18T18:16','2019-04-19T18:55','1479','BRU','LIS','2042','8'),('JetBlue Airways','B6273','3','300','2019-02-21T05:52','2019-02-21T19:46','834','FCO','HEL','4812','8'),('American Airlines','AA433','2','200','2019-10-28T04:09','2019-10-29T11:05','1856','CPH','AGP','7980','8'),('Frontier Airlines','F9387','1','1000','2019-06-22T20:14','2019-06-22T23:12','178','STN','ZRH','3424','8'),('Delta Air Lines','DL116','1','300','2019-06-08T06:09','2019-06-09T06:27','1458','DUS','BRU','2554','8'),('Delta Air Lines','DL862','3','200','2019-09-03T01:40','2019-09-03T13:13','693','LGW','DME','24861','8'),('SAS','SA189','3','1000','2019-08-19T15:43','2019-08-20T16:28','1485','LIS','ATH','26874','8'),('Alaska Airlines','AS278','3','500','2019-12-22T07:36','2019-12-23T05:09','1293','MAN','AMS','13803','8'),('British Airways','BA713','4','300','2019-06-22T03:00','2019-06-23T10:36','1896','PMI','TXL','35980','8'),('WOW Air','WA989','1','500','2019-03-14T02:03','2019-03-15T13:35','2132','MAD','MAN','2216','8'),('JetBlue Airways','B6509','4','500','2019-08-03T23:32','2019-08-05T11:10','2138','LGW','TXL','18352','9'),('Air Canada','AC520','3','500','2019-09-08T19:56','2019-09-09T23:08','1632','LGW','MUC','17895','9'),('Air Canada','AC823','1','500','2019-02-02T10:02','2019-02-03T14:04','1682','MAD','STN','9931','9'),('SAS','SA235','4','500','2019-10-13T07:40','2019-10-14T11:37','1677','VIE','ARN','8748','9'),('Lufthansa','LH658','4','1000','2019-03-12T07:05','2019-03-12T16:55','590','MAD','MAN','3716','9'),('Alaska Airlines','AS191','2','200','2019-03-13T18:14','2019-03-13T21:26','192','LGW','BRU','10564','9'),('Alaska Airlines','AS839','2','300','2019-06-04T07:20','2019-06-04T17:19','599','ATH','DUB','1128','9'),('Air Canada','AC406','3','500','2019-05-10T09:59','2019-05-11T04:50','1131','LIS','BRU','13266','9'),('British Airways','BA788','2','200','2019-03-29T21:08','2019-03-29T23:45','157','ZRH','DUB','14614','9'),('JetBlue Airways','B6877','4','1000','2019-04-29T19:19','2019-04-30T02:27','428','MXP','MUC','3492','9'),('JetBlue Airways','B6260','2','300','2019-02-16T11:22','2019-02-16T20:16','534','HEL','BRU','13752','10'),('SAS','SA148','3','1000','2019-12-29T02:30','2019-12-30T19:04','2434','ORY','ARN','23175','10'),('Alaska Airlines','AS418','1','500','2019-10-18T19:18','2019-10-19T20:12','1494','VIE','LHR','5476','10'),('SAS','SA358','2','500','2019-02-17T02:45','2019-02-17T11:25','520','SVO','AMS','5548','10'),('Frontier Airlines','F9811','3','1000','2019-03-10T05:04','2019-03-10T22:57','1073','MAN','AMS','20061','10'),('JetBlue Airways','B6994','1','500','2019-06-16T20:47','2019-06-17T22:10','1523','ZRH','TXL','2827','10'),('Alaska Airlines','AS510','3','500','2019-04-27T07:56','2019-04-28T02:38','1122','DUB','SVO','16209','10'),('Lufthansa','LH820','3','300','2019-03-06T11:12','2019-03-07T14:52','1660','ATH','AMS','15252','10'),('Delta Air Lines','DL346','4','500','2019-10-12T16:14','2019-10-12T22:20','366','AMS','MUC','33620','10'),('American Airlines','AA802','3','500','2019-05-26T11:41','2019-05-27T16:03','1702','FCO','HEL','28740','10'),('Frontier Airlines','F9672','4','300','2019-09-17T05:34','2019-09-17T16:31','657','TXL','BCN','38828','11'),('British Airways','BA347','1','300','2019-03-08T19:26','2019-03-08T23:47','261','DUS','CDG','599','11'),('Air Canada','AC227','4','500','2019-11-28T03:05','2019-11-28T06:44','219','VIE','FRA','3168','11'),('American Airlines','AA859','4','200','2019-06-26T04:52','2019-06-26T14:04','552','MAD','BCN','35032','11'),('JetBlue Airways','B6540','2','300','2019-12-22T17:49','2019-12-23T16:11','1342','PMI','VIE','10884','11'),('SAS','SA347','3','300','2019-07-23T10:31','2019-07-23T19:09','518','ZRH','FRA','7377','11'),('SAS','SA101','4','300','2019-04-14T02:03','2019-04-15T23:40','2737','FRA','HEL','19504','11'),('Frontier Airlines','F9459','2','500','2019-08-10T12:13','2019-08-11T08:05','1192','DUS','MAD','19872','11'),('Frontier Airlines','F9753','3','500','2019-04-09T10:26','2019-04-09T13:28','182','ORY','CDG','21765','11'),('Alaska Airlines','AS497','3','300','2019-09-16T15:04','2019-09-16T21:47','403','FCO','STN','15009','11');